"Country","Date","Number","c1_c2","c3_c4","c5_c6_c7","c8","h2_h3_h6","h7"
"United States","2020-03-09",259,0,0,0,1,0,0
"United States","2020-03-10",224,0,0,0,1,0,0
"United States","2020-03-11",224,0,0,0,1,0,0
"United States","2020-03-12",291,0,0,0,1,0,0
"United States","2020-03-13",277,0,0,0,1,0,0
"United States","2020-03-14",414,0,0,0,1,0,0
"United States","2020-03-15",36,0,0,0,1,0,0
"United States","2020-03-16",36,0,0,0,1,0,0
"United States","2020-03-17",1822,0,0,1,1,0,0
"United States","2020-03-18",820,0,0,1,1,0,0
"United States","2020-03-19",6082,1,0,1,1,0,0
"United States","2020-03-20",4777,1,0,1,1,0,0
"United States","2020-03-21",4777,1,1,1,1,0,0
"United States","2020-03-22",4777,1,1,1,1,0,0
"United States","2020-03-23",16354,1,1,1,1,0,0
"United States","2020-03-24",10591,1,1,1,1,0,0
"United States","2020-03-25",9750,1,1,1,1,0,0
"United States","2020-03-26",11656,1,1,1,1,0,0
"United States","2020-03-27",4764,1,1,1,1,0,0
"United States","2020-03-28",16894,1,1,1,1,0,0
"United States","2020-03-29",18093,1,1,1,1,0,0
"United States","2020-03-30",19332,1,1,1,1,0,0
"United States","2020-03-31",17987,1,1,1,1,0,0
"United States","2020-04-01",22559,1,1,1,1,0,0
"United States","2020-04-02",24103,1,1,1,1,0,0
"United States","2020-04-03",26298,1,1,1,1,0,0
"United States","2020-04-04",28103,1,1,1,1,0,0
"United States","2020-04-05",32105,1,1,1,1,0,0
"United States","2020-04-06",33510,1,1,1,1,1,0
"United States","2020-04-07",26493,1,1,1,1,1,0
"United States","2020-04-08",29510,1,1,1,1,1,0
"United States","2020-04-09",31709,1,1,1,1,1,0
"United States","2020-04-10",30859,1,1,1,1,1,0
"United States","2020-04-11",35386,1,1,1,1,1,0
"United States","2020-04-12",31606,1,1,1,1,1,0
"United States","2020-04-13",31633,1,1,1,1,1,0
"United States","2020-04-14",29308,1,1,1,1,1,0
"United States","2020-04-15",24446,1,1,1,1,1,0
"United States","2020-04-16",25802,1,1,1,1,1,0
"United States","2020-04-17",28711,1,1,1,1,1,0
"United States","2020-04-18",32549,1,1,1,1,1,0
"United States","2020-04-19",30023,1,1,1,1,1,0
"United States","2020-04-20",28252,1,1,1,1,1,0
"United States","2020-04-21",27668,1,1,1,1,1,0
"United States","2020-04-22",25634,1,1,1,1,1,0
"United States","2020-04-23",24019,1,1,1,1,1,0
"United States","2020-04-24",29127,1,1,1,1,1,0
"United States","2020-04-25",30719,1,1,1,1,1,0
"United States","2020-04-26",38509,1,1,1,1,1,0
"United States","2020-04-27",32417,1,1,1,1,1,0
"United States","2020-04-28",29218,1,1,1,1,1,0
"United States","2020-04-29",22541,1,1,1,1,1,0
"United States","2020-04-30",20517,1,1,1,1,1,0
"United States","2020-05-01",31379,1,1,1,1,1,0
"United States","2020-05-02",31774,1,1,1,1,1,0
"United States","2020-05-03",26753,1,1,1,1,1,0
"United States","2020-05-04",31839,1,1,1,1,1,0
"United States","2020-05-05",29266,1,1,1,1,1,0
"United States","2020-05-06",16200,1,1,1,1,1,0
"United States","2020-05-07",22267,1,1,1,1,1,0
"United States","2020-05-08",22119,1,1,1,1,1,0
"United States","2020-05-09",30204,1,1,1,1,1,0
"United States","2020-05-10",25870,1,1,1,1,1,0
"United States","2020-05-11",26642,1,1,1,1,1,0
"United States","2020-05-12",23767,1,1,1,1,1,0
"United States","2020-05-13",18044,1,1,1,1,1,0
"United States","2020-05-14",21424,1,1,1,1,1,0
"United States","2020-05-15",20840,1,1,1,1,1,0
"United States","2020-05-16",27090,1,1,1,1,1,0
"United States","2020-05-17",22813,1,1,1,1,1,0
"United States","2020-05-18",31967,1,1,1,1,1,0
"United States","2020-05-19",13227,1,1,1,1,1,0
"United States","2020-05-20",24417,1,1,1,1,1,0
"United States","2020-05-21",23310,1,1,1,1,1,0
"United States","2020-05-22",22787,1,1,1,1,1,0
"United States","2020-05-23",20475,1,1,1,1,1,0
"United States","2020-05-24",24151,1,1,1,1,1,0
"United States","2020-05-25",26158,1,1,1,1,1,0
"United States","2020-05-26",15253,1,1,1,1,1,0
"United States","2020-05-27",24886,1,1,1,1,1,0
"United States","2020-05-28",16362,1,1,1,1,1,0
"United States","2020-05-29",19606,1,1,1,1,1,0
"United States","2020-05-30",21214,1,1,1,1,1,0
"United States","2020-05-31",17962,1,1,1,1,1,0
"United States","2020-06-01",23482,1,1,1,1,1,0
"United States","2020-06-02",26116,1,1,1,1,1,0
"United States","2020-06-03",14692,1,1,1,1,1,0
"United States","2020-06-04",24890,1,1,1,1,1,0
"United States","2020-06-05",14583,1,1,1,1,1,0
"United States","2020-06-06",20069,1,1,1,1,1,0
"United States","2020-06-07",28922,1,1,1,1,1,0
"United States","2020-06-08",28918,1,1,1,1,1,0
"United States","2020-06-09",17848,1,1,1,1,1,0
"United States","2020-06-10",17536,1,1,1,1,1,0
"United States","2020-06-11",17235,1,1,1,1,1,0
"United States","2020-06-12",20315,1,1,1,1,1,0
"United States","2020-06-13",21745,1,1,1,1,1,0
"United States","2020-06-14",22133,1,1,1,1,1,0
"United States","2020-06-15",25314,0,1,1,1,1,0
"United States","2020-06-16",21754,0,1,1,1,1,0
"United States","2020-06-17",18514,0,1,1,1,1,0
"United States","2020-06-18",27921,0,1,1,1,1,0
"United States","2020-06-19",23139,0,1,1,1,1,0
"United States","2020-06-20",23046,0,1,1,1,1,0
"United States","2020-06-21",36617,0,1,1,1,1,0
"United States","2020-06-22",32349,0,1,1,1,1,0
"United States","2020-06-23",27575,0,1,1,1,1,0
"United States","2020-06-24",26519,0,1,1,1,1,0
"United States","2020-06-25",34191,0,1,1,1,1,0
"United States","2020-06-26",37601,0,1,1,1,1,0
"United States","2020-06-27",40526,0,1,1,1,1,0
"United States","2020-06-28",44458,0,1,1,1,1,0
"United States","2020-06-29",44580,0,1,1,1,1,0
"United States","2020-06-30",41008,0,1,1,1,1,0
"United States","2020-07-01",35757,0,1,1,1,1,0
"United States","2020-07-02",43556,0,1,1,1,1,0
"United States","2020-07-03",54271,0,1,1,1,1,0
"United States","2020-07-04",53213,0,1,1,1,1,0
"United States","2020-07-05",51933,0,1,1,1,1,0
"United States","2020-07-06",57186,0,1,1,1,1,0
"United States","2020-07-07",43686,0,1,1,1,1,0
"United States","2020-07-08",46194,0,1,1,1,1,0
"United States","2020-07-09",50263,0,1,1,1,1,0
"United States","2020-07-10",64630,0,1,1,1,1,0
"United States","2020-07-11",58975,0,1,1,1,1,0
"United States","2020-07-12",66281,0,1,1,1,1,0
"United States","2020-07-13",62369,0,1,1,1,1,0
"United States","2020-07-14",60113,0,1,1,1,1,0
"United States","2020-07-15",58720,0,1,1,1,1,0
"United States","2020-07-16",60711,0,1,1,1,1,0
"United States","2020-07-17",67165,0,1,1,1,1,0
"United States","2020-07-18",71484,0,1,1,1,1,0
"United States","2020-07-19",74354,0,1,1,1,1,0
"United States","2020-07-20",66963,0,1,1,1,1,0
"United States","2020-07-21",62788,0,1,1,1,1,0
"United States","2020-07-22",57276,0,1,1,1,1,0
"United States","2020-07-23",62929,0,1,1,1,1,0
"United States","2020-07-24",69641,0,1,1,1,1,0
"United States","2020-07-25",71714,0,1,1,1,1,0
"United States","2020-07-26",74235,0,1,1,1,1,0
"United States","2020-07-27",63968,0,1,1,1,1,0
"United States","2020-07-28",61498,0,1,1,1,1,0
"United States","2020-07-29",54022,0,1,1,1,1,0
"United States","2020-07-30",59629,0,1,1,1,1,0
"United States","2020-07-31",65406,0,1,1,1,1,0
"United States","2020-08-01",67823,0,1,1,1,1,0
"United States","2020-08-02",67499,0,1,1,1,1,0
"United States","2020-08-03",58388,0,1,1,1,1,0
"United States","2020-08-04",47183,0,1,1,1,1,0
"United States","2020-08-05",49151,0,1,1,1,1,0
"United States","2020-08-06",49629,0,1,1,1,1,0
"United States","2020-08-07",53373,0,1,1,1,1,0
"United States","2020-08-08",55318,0,1,1,1,1,0
"United States","2020-08-09",61028,0,1,1,1,1,0
"United States","2020-08-10",53893,0,1,1,1,1,0
"United States","2020-08-11",47964,0,1,1,1,1,0
"United States","2020-08-12",39894,0,1,1,1,1,0
"United States","2020-08-13",54791,0,1,1,1,1,0
"United States","2020-08-14",55907,0,1,1,1,1,0
"United States","2020-08-15",52799,0,1,1,1,1,0
"United States","2020-08-16",55359,0,1,1,1,1,0
"United States","2020-08-17",54375,0,1,1,1,1,0
"United States","2020-08-18",41073,0,1,1,1,1,0
"United States","2020-08-19",39125,0,1,1,1,1,0
"United States","2020-08-20",37908,0,1,1,1,1,0
"United States","2020-08-21",46259,0,1,1,1,1,0
"United States","2020-08-22",43952,0,1,1,1,1,0
"United States","2020-08-23",45960,0,1,1,1,1,0
"United States","2020-08-24",44946,0,1,1,1,1,0
"United States","2020-08-25",37765,0,1,1,1,1,0
"United States","2020-08-26",32883,0,1,1,1,1,0
"United States","2020-08-27",37030,0,1,1,1,1,0
"United States","2020-08-28",45484,0,1,1,1,1,0
"United States","2020-08-29",46194,0,1,1,1,1,0
"United States","2020-08-30",44002,0,1,1,1,1,0
"United States","2020-08-31",43983,0,1,1,1,1,0
"United States","2020-09-01",37068,0,1,1,1,1,0
"United States","2020-09-02",31808,0,1,1,1,1,0
"United States","2020-09-03",42662,0,1,1,1,1,0
"United States","2020-09-04",39402,0,1,1,1,1,0
"United States","2020-09-05",44563,0,1,1,1,1,0
"United States","2020-09-06",49131,0,1,1,1,1,0
"United States","2020-09-07",45350,0,1,1,1,1,0
"United States","2020-09-08",33486,0,1,1,1,1,0
"United States","2020-09-09",26015,0,1,1,1,1,0
"United States","2020-09-10",23204,0,1,1,1,1,0
"United States","2020-09-11",31988,0,1,1,1,1,0
"United States","2020-09-12",37128,0,1,1,1,1,0
"United States","2020-09-13",45523,0,1,1,1,1,0
"United States","2020-09-14",40126,0,1,1,1,1,0
"United States","2020-09-15",35177,0,1,1,1,1,0
"United States","2020-09-16",34111,0,1,1,1,1,0
"United States","2020-09-17",34078,0,1,1,1,1,0
"United States","2020-09-18",40795,0,1,1,1,1,0
"United States","2020-09-19",42618,0,1,1,1,1,0
"United States","2020-09-20",48266,0,1,1,1,1,0
"United States","2020-09-21",41695,0,1,1,1,1,0
"United States","2020-09-22",36766,0,1,1,1,1,0
"United States","2020-09-23",39145,0,1,1,1,1,0
"United States","2020-09-24",49176,0,1,1,1,1,0
"United States","2020-09-25",40043,0,1,1,1,1,0
"United States","2020-09-26",41254,0,1,1,1,1,0
"United States","2020-09-27",50070,0,1,1,1,1,0
"United States","2020-09-28",48958,0,1,1,1,1,0
"United States","2020-09-29",35217,0,1,1,1,1,0
"United States","2020-09-30",32688,0,1,1,1,1,0
"United States","2020-10-01",38476,0,1,1,1,1,0
"United States","2020-10-02",44985,0,1,1,1,1,0
"United States","2020-10-03",46293,0,1,1,1,1,0
"United States","2020-10-04",49465,0,1,1,1,1,0
"United States","2020-10-05",49036,0,1,1,1,1,0
"United States","2020-10-06",36136,0,1,1,1,1,0
"United States","2020-10-07",38920,0,1,1,1,1,0
"United States","2020-10-08",38904,0,1,1,1,1,0
"United States","2020-10-09",52458,0,1,1,1,1,0
"United States","2020-10-10",54232,0,1,1,1,1,0
"United States","2020-10-11",57828,0,1,1,1,1,0
"United States","2020-10-12",53055,0,1,1,1,1,0
"United States","2020-10-13",45325,0,1,1,1,1,0
"United States","2020-10-14",46308,0,1,1,1,1,0
"United States","2020-10-15",46309,0,1,1,1,1,0
"United States","2020-10-16",59106,0,1,1,1,1,0
"United States","2020-10-17",63044,0,1,1,1,1,0
"United States","2020-10-18",69834,0,1,1,1,1,0
"United States","2020-10-19",52508,0,1,1,1,1,0
"United States","2020-10-20",46378,0,1,1,1,1,0
"United States","2020-10-21",59018,0,1,1,1,1,0
"United States","2020-10-22",60155,0,1,1,1,1,0
"United States","2020-10-23",63361,0,1,1,1,1,0
"United States","2020-10-24",72342,0,1,1,1,1,0
"United States","2020-10-25",82630,0,1,1,1,1,0
"United States","2020-10-26",82626,0,1,1,1,1,0
"United States","2020-10-27",62364,0,1,1,1,1,0
"United States","2020-10-28",63145,0,1,1,1,1,0
"United States","2020-10-29",72042,0,1,1,1,1,0
"United States","2020-10-30",80384,0,1,1,1,1,0
"United States","2020-10-31",89048,0,1,1,1,1,0
"United States","2020-11-01",99356,0,1,1,1,1,0
"United States","2020-11-02",80379,0,1,1,1,1,0
"United States","2020-11-03",75888,0,1,1,1,1,0
"United States","2020-11-04",85412,0,1,1,1,1,0
"United States","2020-11-05",88163,0,1,1,1,1,0
"United States","2020-11-06",106050,0,1,1,1,1,0
"United States","2020-11-07",116780,0,1,1,1,1,0
"United States","2020-11-08",131821,0,1,1,1,1,0
"United States","2020-11-09",127151,0,1,1,1,1,0
"United States","2020-11-10",104659,0,1,1,1,1,0
"United States","2020-11-11",122231,0,1,1,1,1,0
"United States","2020-11-12",133935,0,1,1,1,1,0
"United States","2020-11-13",142076,0,1,1,1,1,0
"United States","2020-11-14",193734,0,1,1,1,1,0
"United States","2020-11-15",181066,0,1,1,1,1,0
"United States","2020-11-16",155001,1,1,1,1,1,0
"United States","2020-11-17",137486,1,1,1,1,1,0
"United States","2020-11-18",151266,1,1,1,1,1,0
"United States","2020-11-19",164044,1,1,1,1,1,0
"United States","2020-11-20",164560,1,1,1,1,1,0
"United States","2020-11-21",184191,1,1,1,1,1,0
"United States","2020-11-22",191033,1,1,1,1,1,0
"United States","2020-11-23",183544,1,1,1,1,1,0
"United States","2020-11-24",147098,1,1,1,1,1,0
"United States","2020-11-25",157180,1,1,1,1,1,0
"United States","2020-11-26",165091,1,1,1,1,1,0
"United States","2020-11-27",180850,1,1,1,1,1,0
"United States","2020-11-28",141222,1,1,1,1,1,0
"United States","2020-11-29",175669,1,1,1,1,1,0
"United States","2020-11-30",143211,1,1,1,1,1,0
"United States","2020-12-01",151674,1,1,1,1,1,0
"United States","2020-12-02",151204,0,1,1,1,1,0
"United States","2020-12-03",177976,0,1,1,1,1,0
"United States","2020-12-04",195769,0,1,1,1,1,0
"United States","2020-12-05",218671,0,1,1,1,1,0
"United States","2020-12-06",213127,0,1,1,1,1,0
"United States","2020-12-07",205837,0,1,1,1,1,0
"United States","2020-12-08",173388,0,1,1,1,1,0
"United States","2020-12-09",185473,0,1,1,1,1,0
"United States","2020-12-10",216360,0,1,1,1,1,0
"United States","2020-12-11",230852,0,1,1,1,1,0
"United States","2020-12-12",201681,0,1,1,1,1,0
"United States","2020-12-13",243209,0,1,1,1,1,0
"United States","2020-12-14",212577,0,1,1,1,1,0
"United States","2020-12-15",180420,0,1,1,1,1,0
"United States","2020-12-16",204281,0,1,1,1,1,0
"United States","2020-12-17",201468,0,1,1,1,1,0
"United States","2020-12-18",235805,0,1,1,1,1,0
"United States","2020-12-19",229915,0,1,1,1,1,0
"United States","2020-12-20",402270,0,1,1,1,1,0
"United States","2020-12-21",200257,0,1,1,1,1,0
"United States","2020-12-22",197199,0,1,1,1,1,0
"United States","2020-12-23",182819,0,1,1,1,1,0
"United States","2020-12-24",195151,0,1,1,1,1,0
"United States","2020-12-25",221145,0,1,1,1,1,0
"United States","2020-12-26",192095,0,1,1,1,1,0
"United States","2020-12-27",145489,0,1,1,1,1,0
"United States","2020-12-28",178311,0,1,1,1,1,0
"United States","2020-12-29",145513,0,1,1,1,1,0
"United States","2020-12-30",174814,0,1,1,1,1,0
"United States","2020-12-31",199163,0,1,1,1,1,0
"United States","2021-01-01",231427,0,1,1,1,1,0
"United States","2021-01-02",228437,0,1,1,1,1,0
"United States","2021-01-03",167759,0,1,1,1,1,0
"United States","2021-01-04",284312,0,1,1,1,1,0
"United States","2021-01-05",211444,0,1,1,1,1,0
"United States","2021-01-06",173375,0,1,1,1,1,0
"United States","2021-01-07",227369,0,1,1,1,1,0
"United States","2021-01-08",299562,0,1,1,1,1,0
"United States","2021-01-09",277195,0,1,1,1,1,0
"United States","2021-01-10",313516,0,1,1,1,1,0
"United States","2021-01-11",248089,0,1,1,1,1,0
"United States","2021-01-12",220528,0,1,1,1,1,0
"United States","2021-01-13",198788,0,1,1,1,1,0
"United States","2021-01-14",217166,0,1,1,1,1,0
"United States","2021-01-15",225573,0,1,1,1,1,0
"United States","2021-01-16",226608,0,1,1,1,1,0
"United States","2021-01-17",246485,0,1,1,1,1,0
"United States","2021-01-18",212253,0,1,1,1,1,0
"United States","2021-01-19",185383,0,1,1,1,1,0
"United States","2021-01-20",142240,0,1,1,1,1,0
"United States","2021-01-21",152937,0,1,1,1,1,0
"United States","2021-01-22",187919,0,1,1,1,1,0
"United States","2021-01-23",188176,0,1,1,1,1,0
"United States","2021-01-24",190994,0,1,1,1,1,0
"United States","2021-01-25",170883,0,1,1,1,1,0
"United States","2021-01-26",141691,0,1,1,1,1,0
"United States","2021-01-27",133409,0,1,1,1,1,0
"United States","2021-01-28",148533,0,1,1,1,1,0
"United States","2021-01-29",155203,0,1,1,1,1,0
"United States","2021-01-30",158153,0,1,1,1,1,0
"United States","2021-01-31",164415,0,1,1,1,1,0
"United States","2021-02-01",141327,0,1,1,1,1,0
"United States","2021-02-02",112129,0,1,1,1,1,0
"United States","2021-02-03",125444,0,1,1,1,1,0
"United States","2021-02-04",116762,0,1,1,1,1,0
"United States","2021-02-05",120876,0,1,1,1,1,0
"United States","2021-02-06",124866,0,1,1,1,1,0
"United States","2021-02-07",129961,0,1,1,1,1,0
"United States","2021-02-08",106988,0,1,1,1,1,0
"United States","2021-02-09",91412,0,1,1,1,1,0
"United States","2021-02-10",86449,0,1,1,1,1,0
"United States","2021-02-11",90930,0,1,1,1,1,0
"United States","2021-02-12",97134,0,1,1,1,1,0
"United States","2021-02-13",101693,0,1,1,1,1,0
"United States","2021-02-14",99024,0,1,1,1,1,0
"United States","2021-02-15",87896,0,1,1,1,1,0
"United States","2021-02-16",28313,0,1,1,1,1,0
"United States","2021-02-17",95902,0,1,1,1,1,0
"United States","2021-02-18",57856,0,1,1,1,1,0
"United States","2021-02-19",69069,0,1,1,1,1,0
"United States","2021-02-20",68191,0,1,1,1,1,0
"United States","2021-02-21",73240,0,1,1,1,1,0
"United States","2021-02-22",70973,0,1,1,1,1,0
"United States","2021-02-23",55323,0,1,1,1,1,0
"United States","2021-02-24",55190,0,1,1,1,1,0
"United States","2021-02-25",71778,0,1,1,1,1,0
"United States","2021-02-26",73477,0,1,1,1,1,0
"United States","2021-02-27",73351,0,1,1,1,1,1
"United States","2021-02-28",72812,0,1,1,1,1,1
"United States","2021-03-01",69613,0,1,1,1,1,1
"United States","2021-03-02",50218,0,1,1,1,1,1
"United States","2021-03-03",50776,0,1,1,1,1,1
"United States","2021-03-04",57831,0,1,1,1,1,1
"United States","2021-03-05",65320,0,1,1,1,1,1
"United States","2021-03-06",66262,0,1,1,1,1,1
"United States","2021-03-07",67213,0,1,1,1,1,1
"United States","2021-03-08",57269,0,1,1,1,1,1
"United States","2021-03-09",41486,0,1,1,1,1,1
"United States","2021-03-10",126229,0,1,1,1,1,1
"United States","2021-03-11",52732,0,1,1,1,1,1
"United States","2021-03-12",60322,0,1,1,1,1,1
"United States","2021-03-13",60312,0,1,1,1,1,1
"United States","2021-03-14",62840,0,1,1,1,1,1
"United States","2021-03-15",52261,0,1,1,1,1,1
"United States","2021-03-16",40230,0,1,1,1,1,1
"United States","2021-03-17",52998,0,1,1,1,1,1
"United States","2021-03-18",51882,0,1,1,1,1,1
"United States","2021-03-19",56790,0,1,1,1,1,1
"United States","2021-03-20",58826,0,1,1,1,1,1
"United States","2021-03-21",61382,0,1,1,1,1,1
"United States","2021-03-22",60228,0,1,1,1,1,1
"United States","2021-03-23",39165,0,0,1,1,1,1
"United States","2021-03-24",57686,0,0,1,1,1,1
"United States","2021-03-25",58755,0,0,1,1,1,1
"United States","2021-03-26",65326,0,0,1,1,1,1
"United States","2021-03-27",69589,0,0,1,1,1,1
"United States","2021-03-28",71187,0,0,1,1,1,1
"United States","2021-03-29",61893,0,0,0,1,1,1
"United States","2021-03-30",46865,0,0,0,1,1,1
"United States","2021-03-31",64599,0,0,0,1,1,1
"United States","2021-04-01",62713,0,0,0,1,1,1
"United States","2021-04-02",68409,0,0,0,1,1,1
"United States","2021-04-03",74507,0,0,0,1,1,1
"United States","2021-04-04",65770,0,0,0,1,1,1
"United States","2021-04-05",67554,0,0,0,1,1,1
"United States","2021-04-06",41108,0,0,0,1,1,1
"United States","2021-04-07",62750,0,0,0,1,1,1
"United States","2021-04-08",65126,0,0,0,1,1,1
"United States","2021-04-09",74849,0,0,0,1,1,1
"United States","2021-04-10",76377,0,0,0,1,1,1
"United States","2021-04-11",80631,0,0,0,1,1,1
"United States","2021-04-12",67554,0,0,0,1,1,1
"United States","2021-04-13",48354,0,0,0,1,1,1
"United States","2021-04-14",62801,0,0,0,1,1,1
"United States","2021-04-15",78134,0,0,0,1,1,1
"United States","2021-04-16",73306,0,0,0,1,1,1
"United States","2021-04-17",73932,0,0,0,1,1,1
"United States","2021-04-18",73697,0,0,0,1,1,1
"United States","2021-04-19",61306,0,0,0,1,1,1
"United States","2021-04-20",38084,0,0,0,1,1,1
"United States","2021-04-21",57164,0,0,0,1,1,1
"United States","2021-04-22",60383,0,0,0,1,1,1
"United States","2021-04-23",62642,0,0,0,1,1,1
"United States","2021-04-24",63206,0,0,0,1,1,1
"United States","2021-04-25",63216,0,0,0,1,1,1
"United States","2021-04-26",51809,0,0,0,1,1,1
"United States","2021-04-27",34469,0,0,0,1,1,1
"United States","2021-04-28",40461,0,0,0,1,1,1
"United States","2021-04-29",51939,0,0,0,1,1,1
"United States","2021-04-30",53857,0,0,0,1,1,1
"United States","2021-05-01",59590,0,0,0,1,1,1
"United States","2021-05-02",53567,0,0,0,1,1,1
"United States","2021-05-03",45150,0,0,0,1,1,1
"United States","2021-05-04",36178,0,0,0,1,1,1
"United States","2021-05-05",39480,0,0,0,1,1,1
"United States","2021-05-06",44834,0,0,0,1,1,1
"United States","2021-05-07",42847,0,0,0,1,1,1
"United States","2021-05-08",81630,0,0,0,1,1,1
"United States","2021-05-09",44665,0,0,0,1,1,1
"United States","2021-05-10",35310,0,0,0,1,1,1
"United States","2021-05-11",23851,0,0,0,1,1,1
"France","2020-03-06",138,0,1,0,0,0,0
"France","2020-03-07",179,0,1,0,0,0,0
"France","2020-03-08",103,0,1,0,0,0,0
"France","2020-03-09",410,0,1,0,0,0,0
"France","2020-03-10",286,0,1,0,0,0,0
"France","2020-03-11",371,0,1,0,0,0,0
"France","2020-03-12",497,0,1,0,0,0,0
"France","2020-03-13",586,0,1,0,0,0,0
"France","2020-03-14",770,0,1,0,0,0,0
"France","2020-03-15",818,0,1,0,0,0,0
"France","2020-03-16",923,0,1,0,0,0,0
"France","2020-03-17",1198,1,1,1,1,0,0
"France","2020-03-18",1070,1,1,1,1,0,0
"France","2020-03-19",1377,1,1,1,1,0,0
"France","2020-03-20",1846,1,1,1,1,0,0
"France","2020-03-21",1595,1,1,1,1,0,0
"France","2020-03-22",1847,1,1,1,1,0,0
"France","2020-03-23",1529,1,1,1,1,0,0
"France","2020-03-24",3794,1,1,1,1,0,0
"France","2020-03-25",2410,1,1,1,1,0,0
"France","2020-03-26",2895,1,1,1,1,0,0
"France","2020-03-27",3866,1,1,1,1,0,0
"France","2020-03-28",3748,1,1,1,1,0,0
"France","2020-03-29",4611,1,1,1,1,0,0
"France","2020-03-30",2491,1,1,1,1,0,0
"France","2020-03-31",4341,1,1,1,1,0,0
"France","2020-04-01",7500,1,1,1,1,0,0
"France","2020-04-02",4784,1,1,1,1,0,0
"France","2020-04-03",2066,1,1,1,1,0,0
"France","2020-04-04",5209,1,1,1,1,0,0
"France","2020-04-05",4221,1,1,1,1,0,0
"France","2020-04-06",1850,1,1,1,1,0,0
"France","2020-04-07",3881,1,1,1,1,0,0
"France","2020-04-08",3737,1,1,1,1,0,0
"France","2020-04-09",3869,1,1,1,1,0,0
"France","2020-04-10",4256,1,1,1,1,0,0
"France","2020-04-11",4333,1,1,1,1,0,0
"France","2020-04-12",3104,1,1,1,1,0,0
"France","2020-04-13",1595,1,1,1,1,0,0
"France","2020-04-14",2669,1,1,1,1,0,0
"France","2020-04-15",5483,1,1,1,1,0,0
"France","2020-04-16",2621,1,1,1,1,0,0
"France","2020-04-17",2623,1,1,1,1,0,0
"France","2020-04-18",385,1,1,1,1,0,0
"France","2020-04-19",2558,1,1,1,1,0,0
"France","2020-04-20",742,1,1,1,1,0,0
"France","2020-04-21",2050,1,1,1,1,0,0
"France","2020-04-22",2638,1,1,1,1,0,0
"France","2020-04-23",1810,1,1,1,1,0,0
"France","2020-04-24",1623,1,1,1,1,0,0
"France","2020-04-25",1755,1,1,1,1,0,0
"France","2020-04-26",1537,1,1,1,1,0,0
"France","2020-04-27",404,1,1,1,1,0,0
"France","2020-04-28",1160,1,1,1,1,0,0
"France","2020-04-29",1025,1,1,1,1,0,0
"France","2020-04-30",1601,1,1,1,1,0,0
"France","2020-05-01",1055,1,1,1,1,0,0
"France","2020-05-02",601,1,1,1,1,0,0
"France","2020-05-03",736,1,1,1,1,0,0
"France","2020-05-04",250,1,1,1,1,0,0
"France","2020-05-05",534,1,1,1,1,0,0
"France","2020-05-06",1050,1,1,1,1,0,0
"France","2020-05-07",4176,1,1,1,1,0,0
"France","2020-05-08",512,1,1,1,1,0,0
"France","2020-05-09",598,1,1,1,1,0,0
"France","2020-05-10",430,1,1,1,1,0,0
"France","2020-05-11",65,0,1,1,1,0,0
"France","2020-05-12",418,0,1,1,1,0,0
"France","2020-05-13",670,0,1,1,1,0,0
"France","2020-05-14",448,0,1,1,1,0,0
"France","2020-05-15",543,0,1,1,1,0,0
"France","2020-05-16",494,0,1,1,1,0,0
"France","2020-05-17",362,0,1,1,1,0,0
"France","2020-05-18",28,0,1,1,1,0,0
"France","2020-05-19",461,0,1,1,1,0,0
"France","2020-05-20",462,0,1,1,1,0,0
"France","2020-05-21",353,0,1,1,1,0,0
"France","2020-05-22",278,0,1,1,1,0,0
"France","2020-05-23",359,0,1,1,1,0,0
"France","2020-05-24",224,0,1,1,1,0,0
"France","2020-05-25",31,0,1,1,1,0,0
"France","2020-05-26",278,0,1,1,1,0,0
"France","2020-05-27",222,0,1,1,1,0,0
"France","2020-05-28",148,0,1,1,1,0,0
"France","2020-05-29",3270,0,1,1,1,0,0
"France","2020-05-30",535,0,1,1,1,0,0
"France","2020-05-31",1779,0,1,1,1,0,0
"France","2020-06-01",88,0,1,1,1,0,0
"France","2020-06-02",251,0,1,1,1,0,0
"France","2020-06-03",766,0,1,1,1,0,0
"France","2020-06-04",254,0,1,1,1,0,0
"France","2020-06-05",678,0,1,1,1,0,0
"France","2020-06-06",554,0,1,1,1,0,0
"France","2020-06-07",527,0,1,1,1,0,0
"France","2020-06-08",293,0,1,1,1,0,0
"France","2020-06-09",98,0,1,1,1,0,0
"France","2020-06-10",335,0,1,1,1,0,0
"France","2020-06-11",417,0,1,1,1,0,0
"France","2020-06-12",338,0,1,1,1,0,0
"France","2020-06-13",564,0,1,1,1,0,0
"France","2020-06-14",393,0,1,1,1,0,0
"France","2020-06-15",307,0,1,1,1,0,0
"France","2020-06-16",52,0,1,1,1,0,0
"France","2020-06-17",226,0,1,1,1,0,0
"France","2020-06-18",311,0,1,1,1,0,0
"France","2020-06-19",201,0,1,1,1,0,0
"France","2020-06-20",584,0,1,1,1,0,0
"France","2020-06-21",421,0,1,1,1,0,0
"France","2020-06-22",5,0,1,0,1,0,0
"France","2020-06-23",325,0,1,0,1,0,0
"France","2020-06-24",364,0,1,0,1,0,0
"France","2020-06-25",81,0,1,0,1,0,0
"France","2020-06-26",81,0,1,0,1,0,0
"France","2020-06-27",819,0,1,0,1,0,0
"France","2020-06-28",819,0,1,0,1,0,0
"France","2020-06-29",819,0,1,0,1,0,0
"France","2020-06-30",731,0,1,0,1,0,0
"France","2020-07-01",307,0,1,0,1,0,0
"France","2020-07-02",612,0,1,0,1,0,0
"France","2020-07-03",480,0,1,0,1,0,0
"France","2020-07-04",448,0,1,0,1,0,0
"France","2020-07-05",448,0,1,0,1,0,0
"France","2020-07-06",448,0,1,0,1,0,0
"France","2020-07-07",834,0,1,0,1,0,0
"France","2020-07-08",341,0,1,0,1,0,0
"France","2020-07-09",370,0,1,0,1,0,0
"France","2020-07-10",504,0,1,0,1,0,0
"France","2020-07-11",492,0,0,0,1,0,0
"France","2020-07-12",492,0,0,0,1,0,0
"France","2020-07-13",492,0,0,0,1,0,0
"France","2020-07-14",1115,0,0,0,1,0,0
"France","2020-07-15",1115,0,0,0,1,0,0
"France","2020-07-16",767,0,0,0,1,0,0
"France","2020-07-17",393,0,0,0,1,0,0
"France","2020-07-18",697,0,0,0,1,0,0
"France","2020-07-19",697,0,0,0,1,0,0
"France","2020-07-20",697,0,0,0,1,1,0
"France","2020-07-21",1810,0,0,0,1,1,0
"France","2020-07-22",454,0,0,0,1,1,0
"France","2020-07-23",945,0,0,0,1,1,0
"France","2020-07-24",835,0,0,0,1,1,0
"France","2020-07-25",931,0,0,0,1,1,0
"France","2020-07-26",931,0,0,0,1,1,0
"France","2020-07-27",931,0,0,0,1,1,0
"France","2020-07-28",2254,0,0,0,1,1,0
"France","2020-07-29",672,0,0,0,1,1,0
"France","2020-07-30",1261,0,0,0,1,1,0
"France","2020-07-31",1239,0,0,0,1,1,0
"France","2020-08-01",1272,0,0,0,1,1,0
"France","2020-08-02",1272,0,0,0,1,1,0
"France","2020-08-03",1272,0,0,0,1,1,0
"France","2020-08-04",3152,0,0,0,1,1,0
"France","2020-08-05",965,0,0,0,1,1,0
"France","2020-08-06",1615,0,0,0,1,1,0
"France","2020-08-07",1520,0,0,0,1,1,0
"France","2020-08-08",2181,0,0,0,1,1,0
"France","2020-08-09",2181,0,0,0,1,1,0
"France","2020-08-10",2181,0,0,0,1,1,0
"France","2020-08-11",4619,0,0,0,1,1,0
"France","2020-08-12",1293,0,0,0,1,1,0
"France","2020-08-13",2429,0,0,0,1,1,0
"France","2020-08-14",2515,0,0,0,1,1,0
"France","2020-08-15",2667,0,0,0,1,1,0
"France","2020-08-16",3242,0,0,0,1,1,0
"France","2020-08-17",2947,0,0,0,1,1,0
"France","2020-08-18",315,0,0,0,1,1,0
"France","2020-08-19",2165,0,0,0,1,1,0
"France","2020-08-20",3680,0,0,0,1,1,0
"France","2020-08-21",4688,0,0,0,1,1,0
"France","2020-08-22",4396,0,0,0,1,1,0
"France","2020-08-23",3110,0,0,0,1,1,0
"France","2020-08-24",4805,0,0,0,1,1,0
"France","2020-08-25",1842,0,0,0,1,1,0
"France","2020-08-26",3227,0,0,0,1,1,0
"France","2020-08-27",4998,0,0,0,1,1,0
"France","2020-08-28",5963,0,0,0,1,1,0
"France","2020-08-29",7262,0,0,0,1,1,0
"France","2020-08-30",5313,0,0,0,1,1,0
"France","2020-08-31",5126,0,0,0,1,1,0
"France","2020-09-01",2998,0,0,0,1,1,0
"France","2020-09-02",4765,0,0,0,1,1,0
"France","2020-09-03",6748,0,0,0,1,1,0
"France","2020-09-04",6799,0,0,0,1,1,0
"France","2020-09-05",8860,0,0,0,1,1,0
"France","2020-09-06",8386,0,0,0,1,1,0
"France","2020-09-07",6961,0,0,0,1,1,0
"France","2020-09-08",4115,0,0,0,1,1,0
"France","2020-09-09",5519,0,0,0,1,1,0
"France","2020-09-10",8294,0,0,0,1,1,0
"France","2020-09-11",9685,0,0,0,1,1,0
"France","2020-09-12",9260,0,0,0,1,1,0
"France","2020-09-13",9641,0,0,0,1,1,0
"France","2020-09-14",7101,0,0,0,1,1,0
"France","2020-09-15",5893,0,0,0,1,1,0
"France","2020-09-16",7720,0,0,0,1,1,0
"France","2020-09-17",9138,0,0,0,1,1,0
"France","2020-09-18",10468,0,0,0,1,1,0
"France","2020-09-19",13084,0,0,0,1,1,0
"France","2020-09-20",13465,0,0,0,1,1,0
"France","2020-09-21",11569,0,0,0,1,1,0
"France","2020-09-22",4057,0,0,0,1,1,0
"France","2020-09-23",8921,0,0,0,1,1,0
"France","2020-09-24",12734,0,0,0,1,1,0
"France","2020-09-25",16068,0,0,0,1,1,0
"France","2020-09-26",15572,0,1,0,1,1,0
"France","2020-09-27",13886,0,1,0,1,1,0
"France","2020-09-28",11123,0,1,0,1,1,0
"France","2020-09-29",3841,0,1,0,1,1,0
"France","2020-09-30",7779,0,1,0,1,1,0
"France","2020-10-01",11889,0,1,0,1,1,0
"France","2020-10-02",13959,0,1,0,1,1,0
"France","2020-10-03",11543,0,1,0,1,1,0
"France","2020-10-04",16911,0,1,0,1,1,0
"France","2020-10-05",12545,0,1,0,1,1,0
"France","2020-10-06",4813,0,1,0,1,1,0
"France","2020-10-07",10476,0,1,0,1,1,0
"France","2020-10-08",17932,0,1,0,1,1,0
"France","2020-10-09",18104,0,1,0,1,1,0
"France","2020-10-10",20120,0,0,0,1,1,0
"France","2020-10-11",26675,0,0,0,1,1,0
"France","2020-10-12",16101,0,0,0,1,1,0
"France","2020-10-13",8295,0,0,0,1,1,0
"France","2020-10-14",12981,0,0,0,1,1,0
"France","2020-10-15",21696,0,0,0,1,1,0
"France","2020-10-16",30553,0,0,0,1,1,0
"France","2020-10-17",24724,0,0,0,1,1,0
"France","2020-10-18",32427,0,0,0,1,1,0
"France","2020-10-19",29833,0,0,0,1,1,0
"France","2020-10-20",12944,0,0,0,1,1,0
"France","2020-10-21",20424,0,0,0,1,1,0
"France","2020-10-22",25820,0,0,0,1,1,0
"France","2020-10-23",41563,0,0,0,1,1,0
"France","2020-10-24",41825,0,0,0,1,1,0
"France","2020-10-25",45388,0,0,0,1,1,0
"France","2020-10-26",51849,0,0,0,1,1,0
"France","2020-10-27",26505,0,0,0,1,1,0
"France","2020-10-28",33405,0,0,0,1,1,0
"France","2020-10-29",35367,0,0,0,1,1,0
"France","2020-10-30",47616,1,1,1,1,1,0
"France","2020-10-31",48594,1,1,1,1,1,0
"France","2020-11-01",32530,1,1,1,1,1,0
"France","2020-11-02",49290,1,1,1,1,1,0
"France","2020-11-03",52156,1,1,1,1,1,0
"France","2020-11-04",36254,1,1,1,1,1,0
"France","2020-11-05",39807,1,1,1,1,1,0
"France","2020-11-06",58016,1,1,1,1,1,0
"France","2020-11-07",60232,1,1,1,1,1,0
"France","2020-11-08",86794,1,1,1,1,1,0
"France","2020-11-09",38619,1,1,1,1,1,0
"France","2020-11-10",19571,1,1,1,1,1,0
"France","2020-11-11",22166,1,1,1,1,1,0
"France","2020-11-12",34971,1,1,1,1,1,0
"France","2020-11-13",32978,1,1,1,1,1,0
"France","2020-11-14",23620,1,1,1,1,1,0
"France","2020-11-15",32059,1,1,1,1,1,0
"France","2020-11-16",27123,1,1,1,1,1,0
"France","2020-11-17",9094,1,1,1,1,1,0
"France","2020-11-18",45498,1,1,1,1,1,0
"France","2020-11-19",27667,1,1,1,1,1,0
"France","2020-11-20",21130,1,1,1,1,1,0
"France","2020-11-21",22642,1,1,1,1,1,0
"France","2020-11-22",17854,1,1,1,1,1,0
"France","2020-11-23",13157,1,1,1,1,1,0
"France","2020-11-24",4150,1,1,1,1,1,0
"France","2020-11-25",9118,1,1,1,1,1,0
"France","2020-11-26",15598,1,1,1,1,1,0
"France","2020-11-27",13541,1,1,1,1,1,0
"France","2020-11-28",12415,0,1,1,1,1,0
"France","2020-11-29",12479,0,1,1,1,1,0
"France","2020-11-30",9670,0,1,1,1,1,0
"France","2020-12-01",3794,0,1,1,1,1,0
"France","2020-12-02",7999,0,1,1,1,1,0
"France","2020-12-03",13938,0,1,1,1,1,0
"France","2020-12-04",12661,0,1,1,1,1,0
"France","2020-12-05",11107,0,1,1,1,1,0
"France","2020-12-06",12850,0,1,1,1,1,0
"France","2020-12-07",11022,0,1,1,1,1,0
"France","2020-12-08",3103,0,1,1,1,1,0
"France","2020-12-09",13658,0,1,1,1,1,0
"France","2020-12-10",14139,0,1,1,1,1,0
"France","2020-12-11",13673,0,1,1,1,1,0
"France","2020-12-12",13276,0,1,1,1,1,0
"France","2020-12-13",13902,0,1,1,1,1,0
"France","2020-12-14",11533,0,1,1,1,1,0
"France","2020-12-15",2590,0,1,0,1,1,0
"France","2020-12-16",11481,0,1,0,1,1,0
"France","2020-12-17",17441,0,1,0,1,1,0
"France","2020-12-18",18025,0,1,0,1,1,0
"France","2020-12-19",15440,0,1,0,1,1,0
"France","2020-12-20",17326,0,1,0,1,1,0
"France","2020-12-21",12798,0,1,0,1,1,0
"France","2020-12-22",5636,0,1,0,1,1,0
"France","2020-12-23",11670,0,1,0,1,1,0
"France","2020-12-24",14836,0,1,0,1,1,0
"France","2020-12-25",21496,0,1,0,1,1,0
"France","2020-12-26",20198,0,1,0,1,1,0
"France","2020-12-27",2459,0,1,0,1,1,0
"France","2020-12-28",8816,0,1,0,1,1,0
"France","2020-12-29",2757,0,1,0,1,1,0
"France","2020-12-30",11295,0,1,0,1,1,0
"France","2020-12-31",26308,0,1,0,1,1,0
"France","2021-01-01",19712,0,1,0,1,1,0
"France","2021-01-02",19241,0,1,0,1,1,0
"France","2021-01-03",3466,0,1,0,1,1,0
"France","2021-01-04",12489,0,1,0,1,1,0
"France","2021-01-05",3569,0,1,0,1,1,1
"France","2021-01-06",20366,0,1,0,1,1,1
"France","2021-01-07",25189,0,1,0,1,1,1
"France","2021-01-08",21510,0,1,0,1,1,1
"France","2021-01-09",19408,0,1,0,1,1,1
"France","2021-01-10",20034,0,1,0,1,1,1
"France","2021-01-11",15809,0,1,0,1,1,1
"France","2021-01-12",3155,0,1,0,1,1,1
"France","2021-01-13",19603,0,1,0,1,1,1
"France","2021-01-14",23649,0,1,0,1,1,1
"France","2021-01-15",20744,0,1,0,1,1,1
"France","2021-01-16",21112,0,1,0,1,1,1
"France","2021-01-17",21207,0,1,0,1,1,1
"France","2021-01-18",16642,0,1,0,1,1,1
"France","2021-01-19",3052,0,1,0,1,1,1
"France","2021-01-20",23347,0,1,0,1,1,1
"France","2021-01-21",26565,0,1,0,1,1,1
"France","2021-01-22",22551,0,1,0,1,1,1
"France","2021-01-23",22609,0,1,0,1,1,1
"France","2021-01-24",23522,0,1,0,1,1,1
"France","2021-01-25",18435,0,1,0,1,1,1
"France","2021-01-26",4012,0,1,0,1,1,1
"France","2021-01-27",22009,0,1,0,1,1,1
"France","2021-01-28",26483,0,1,0,1,1,1
"France","2021-01-29",23347,0,1,0,1,1,1
"France","2021-01-30",22670,0,1,0,1,1,1
"France","2021-01-31",24136,0,1,0,1,1,1
"France","2021-02-01",19235,0,1,0,1,1,1
"France","2021-02-02",3669,0,1,0,1,1,1
"France","2021-02-03",22871,0,1,0,1,1,1
"France","2021-02-04",25904,0,1,0,1,1,1
"France","2021-02-05",23148,0,1,0,1,1,1
"France","2021-02-06",20741,0,1,0,1,1,1
"France","2021-02-07",20586,0,1,0,1,1,1
"France","2021-02-08",19715,0,1,0,1,1,1
"France","2021-02-09",3566,0,1,0,1,1,1
"France","2021-02-10",18570,0,1,0,1,1,1
"France","2021-02-11",24631,0,1,0,1,1,1
"France","2021-02-12",20406,0,1,0,1,1,1
"France","2021-02-13",20279,0,1,0,1,1,1
"France","2021-02-14",20044,0,1,0,1,1,1
"France","2021-02-15",16546,0,1,0,1,1,1
"France","2021-02-16",4241,0,1,0,1,1,1
"France","2021-02-17",19223,0,1,0,1,1,1
"France","2021-02-18",23919,0,1,0,1,1,1
"France","2021-02-19",22490,0,1,0,1,1,1
"France","2021-02-20",23170,0,1,0,1,1,1
"France","2021-02-21",21944,0,1,0,1,1,1
"France","2021-02-22",22046,0,1,0,1,1,1
"France","2021-02-23",3760,0,1,0,1,1,1
"France","2021-02-24",19775,0,1,0,1,1,1
"France","2021-02-25",30665,0,1,0,1,1,1
"France","2021-02-26",25180,0,1,1,1,1,1
"France","2021-02-27",24537,0,1,1,1,1,1
"France","2021-02-28",23996,0,1,1,1,1,1
"France","2021-03-01",19213,0,1,1,1,1,1
"France","2021-03-02",4703,0,1,0,1,1,1
"France","2021-03-03",22148,0,1,0,1,1,1
"France","2021-03-04",26788,0,1,0,1,1,1
"France","2021-03-05",24739,0,1,1,1,1,1
"France","2021-03-06",22725,0,1,1,1,1,1
"France","2021-03-07",23306,0,1,1,1,1,1
"France","2021-03-08",21650,0,1,1,1,1,1
"France","2021-03-09",5229,0,1,0,1,1,1
"France","2021-03-10",22626,0,1,0,1,1,1
"France","2021-03-11",30112,0,1,0,1,1,1
"France","2021-03-12",27166,0,1,0,1,1,1
"France","2021-03-13",25120,0,1,1,1,1,1
"France","2021-03-14",29256,0,1,1,1,1,1
"France","2021-03-15",26140,0,1,0,1,1,1
"France","2021-03-16",6471,0,1,0,1,1,1
"France","2021-03-17",29145,0,1,0,1,1,1
"France","2021-03-18",38424,0,1,0,1,1,1
"France","2021-03-19",34936,0,1,1,1,1,1
"France","2021-03-20",35066,0,1,1,1,1,1
"France","2021-03-21",34658,0,1,1,1,1,1
"France","2021-03-22",30581,0,1,1,1,1,1
"France","2021-03-23",37572,0,1,1,1,1,1
"France","2021-03-24",23734,0,1,1,1,1,1
"France","2021-03-25",33389,0,1,1,1,1,1
"France","2021-03-26",45401,0,1,1,1,1,1
"France","2021-03-27",41869,0,1,1,1,1,1
"France","2021-03-28",41812,0,1,1,1,1,1
"France","2021-03-29",37014,0,1,1,1,1,1
"France","2021-03-30",9094,0,1,1,1,1,1
"France","2021-03-31",29575,0,1,1,1,1,1
"France","2021-04-01",58828,0,1,1,1,1,1
"France","2021-04-02",50659,0,1,1,1,1,1
"France","2021-04-03",45520,0,1,1,1,1,1
"France","2021-04-04",13917,0,1,1,1,1,1
"France","2021-04-05",66794,0,1,1,1,1,1
"France","2021-04-06",12335,1,1,1,1,1,1
"France","2021-04-07",48646,1,1,1,1,1,1
"France","2021-04-08",30785,1,1,1,1,1,1
"France","2021-04-09",23638,1,1,1,1,1,1
"France","2021-04-10",39963,1,1,1,1,1,1
"France","2021-04-11",43283,1,1,1,1,1,1
"France","2021-04-12",34895,1,1,1,1,1,1
"France","2021-04-13",7556,1,1,1,1,1,1
"France","2021-04-14",38956,1,1,1,1,1,1
"France","2021-04-15",43354,1,1,1,1,1,1
"France","2021-04-16",37936,1,1,1,1,1,1
"France","2021-04-17",36360,1,1,1,1,1,1
"France","2021-04-18",34218,1,1,1,1,1,1
"France","2021-04-19",29344,1,1,1,1,1,1
"France","2021-04-20",6636,1,1,1,1,1,1
"France","2021-04-21",42553,1,1,1,1,1,1
"France","2021-04-22",34368,1,1,1,1,1,1
"France","2021-04-23",34034,1,1,1,1,1,1
"France","2021-04-24",32192,1,1,1,1,1,1
"France","2021-04-25",30884,1,1,1,1,1,1
"France","2021-04-26",24465,1,1,1,1,1,1
"France","2021-04-27",4914,1,1,1,1,1,1
"France","2021-04-28",29980,1,1,1,1,1,1
"France","2021-04-29",31444,1,1,1,1,1,1
"France","2021-04-30",26373,1,1,1,1,1,1
"France","2021-05-01",24120,1,1,1,1,1,1
"France","2021-05-02",23986,1,1,1,1,1,1
"France","2021-05-03",9888,0,1,0,1,1,1
"France","2021-05-04",3606,0,1,0,1,1,1
"France","2021-05-05",23116,0,1,0,1,1,1
"France","2021-05-06",25764,0,1,0,1,1,1
"France","2021-05-07",21564,0,1,0,1,1,1
"France","2021-05-08",17804,0,1,0,1,1,1
"France","2021-05-09",20745,0,1,0,1,1,1
"France","2021-05-10",9128,0,1,0,1,1,1
"France","2021-05-11",3014,0,1,0,1,1,1
"Germany","2020-03-06",138,0,0,0,0,0,0
"Germany","2020-03-07",284,0,0,0,0,0,0
"Germany","2020-03-08",163,0,0,0,0,0,0
"Germany","2020-03-09",55,0,0,0,0,0,0
"Germany","2020-03-10",237,0,0,0,0,0,0
"Germany","2020-03-11",157,0,0,0,0,0,0
"Germany","2020-03-12",271,0,0,0,0,0,0
"Germany","2020-03-13",802,0,0,0,0,0,0
"Germany","2020-03-14",693,0,0,0,0,0,0
"Germany","2020-03-15",733,0,0,0,0,0,0
"Germany","2020-03-16",1043,0,0,0,1,0,0
"Germany","2020-03-17",1174,0,0,0,1,0,0
"Germany","2020-03-18",1144,0,0,0,1,0,0
"Germany","2020-03-19",1042,0,0,0,1,0,0
"Germany","2020-03-20",5940,0,0,0,1,0,0
"Germany","2020-03-21",4049,0,1,1,1,0,0
"Germany","2020-03-22",3276,0,1,1,1,0,0
"Germany","2020-03-23",3311,0,1,1,1,0,0
"Germany","2020-03-24",4438,0,1,1,1,0,0
"Germany","2020-03-25",2342,0,1,1,1,0,0
"Germany","2020-03-26",4954,0,1,1,1,0,0
"Germany","2020-03-27",5780,0,1,1,1,0,0
"Germany","2020-03-28",6294,0,1,1,1,0,0
"Germany","2020-03-29",3965,0,1,1,1,0,0
"Germany","2020-03-30",4751,0,1,1,1,0,0
"Germany","2020-03-31",4615,0,1,1,1,0,0
"Germany","2020-04-01",5453,0,1,1,1,0,0
"Germany","2020-04-02",6156,0,1,1,1,0,0
"Germany","2020-04-03",6174,0,1,1,1,0,0
"Germany","2020-04-04",6082,0,1,1,1,0,0
"Germany","2020-04-05",5936,0,1,1,1,0,0
"Germany","2020-04-06",3677,0,1,1,1,0,0
"Germany","2020-04-07",3834,0,1,1,1,0,0
"Germany","2020-04-08",4003,0,1,1,1,0,0
"Germany","2020-04-09",4974,0,1,1,1,0,0
"Germany","2020-04-10",5323,0,1,1,1,0,0
"Germany","2020-04-11",4133,0,1,1,1,0,0
"Germany","2020-04-12",2821,0,1,1,1,0,0
"Germany","2020-04-13",2537,0,1,1,1,0,0
"Germany","2020-04-14",2082,0,1,1,1,0,0
"Germany","2020-04-15",2486,0,1,1,1,0,0
"Germany","2020-04-16",2866,0,1,1,1,0,0
"Germany","2020-04-17",3380,0,1,1,1,0,0
"Germany","2020-04-18",3609,0,1,1,1,0,0
"Germany","2020-04-19",2458,0,1,1,1,0,0
"Germany","2020-04-20",1775,0,1,1,1,0,0
"Germany","2020-04-21",1785,0,1,1,1,0,0
"Germany","2020-04-22",2237,0,1,1,1,0,0
"Germany","2020-04-23",2352,0,1,1,1,0,0
"Germany","2020-04-24",2337,0,1,1,1,0,0
"Germany","2020-04-25",2055,0,1,1,1,0,0
"Germany","2020-04-26",1737,0,1,1,1,0,0
"Germany","2020-04-27",1018,0,1,1,1,0,0
"Germany","2020-04-28",1144,0,1,1,1,0,0
"Germany","2020-04-29",1304,0,1,1,1,0,0
"Germany","2020-04-30",1478,0,1,1,1,0,0
"Germany","2020-05-01",1639,0,1,1,1,0,0
"Germany","2020-05-02",945,0,1,1,1,0,0
"Germany","2020-05-03",793,0,1,1,1,0,0
"Germany","2020-05-04",679,0,1,1,1,0,0
"Germany","2020-05-05",685,0,1,1,1,0,0
"Germany","2020-05-06",947,0,1,0,1,0,0
"Germany","2020-05-07",1284,0,1,0,1,0,0
"Germany","2020-05-08",1209,0,1,0,1,0,0
"Germany","2020-05-09",1251,0,1,0,1,0,0
"Germany","2020-05-10",667,0,1,0,1,0,0
"Germany","2020-05-11",357,0,1,0,1,0,0
"Germany","2020-05-12",933,0,1,0,1,0,0
"Germany","2020-05-13",798,0,1,0,1,0,0
"Germany","2020-05-14",933,0,1,0,1,0,0
"Germany","2020-05-15",913,0,1,0,1,0,0
"Germany","2020-05-16",620,0,1,0,1,0,0
"Germany","2020-05-17",583,0,1,0,1,0,0
"Germany","2020-05-18",342,0,1,0,1,0,0
"Germany","2020-05-19",513,0,1,0,1,0,0
"Germany","2020-05-20",797,0,1,0,1,0,0
"Germany","2020-05-21",745,0,1,0,1,0,0
"Germany","2020-05-22",460,0,1,0,1,0,0
"Germany","2020-05-23",638,0,1,0,1,0,0
"Germany","2020-05-24",431,0,1,0,1,0,0
"Germany","2020-05-25",289,0,1,0,1,0,0
"Germany","2020-05-26",432,0,1,0,1,0,0
"Germany","2020-05-27",362,0,1,0,1,0,0
"Germany","2020-05-28",353,0,1,0,1,0,0
"Germany","2020-05-29",741,0,1,0,1,0,0
"Germany","2020-05-30",738,0,1,0,1,0,0
"Germany","2020-05-31",286,0,1,0,1,0,0
"Germany","2020-06-01",333,0,1,0,1,0,0
"Germany","2020-06-02",213,0,1,0,1,0,0
"Germany","2020-06-03",342,0,1,0,1,0,0
"Germany","2020-06-04",394,0,1,0,1,0,0
"Germany","2020-06-05",507,0,1,0,1,0,0
"Germany","2020-06-06",407,0,1,0,1,0,0
"Germany","2020-06-07",301,0,1,0,1,0,0
"Germany","2020-06-08",214,0,1,0,1,0,0
"Germany","2020-06-09",350,0,1,0,1,0,0
"Germany","2020-06-10",318,0,1,0,1,0,0
"Germany","2020-06-11",555,0,1,0,1,0,0
"Germany","2020-06-12",258,0,1,0,1,0,0
"Germany","2020-06-13",348,0,1,0,1,0,0
"Germany","2020-06-14",247,0,1,0,1,0,0
"Germany","2020-06-15",192,0,1,0,1,1,0
"Germany","2020-06-16",378,0,1,0,1,1,0
"Germany","2020-06-17",345,0,1,0,1,1,0
"Germany","2020-06-18",580,0,1,0,1,1,0
"Germany","2020-06-19",770,0,1,0,1,1,0
"Germany","2020-06-20",601,0,1,0,1,1,0
"Germany","2020-06-21",687,0,1,0,1,1,0
"Germany","2020-06-22",537,0,1,0,1,1,0
"Germany","2020-06-23",503,0,1,0,1,1,0
"Germany","2020-06-24",587,0,1,0,1,1,0
"Germany","2020-06-25",630,0,1,0,1,1,0
"Germany","2020-06-26",477,0,1,0,1,1,0
"Germany","2020-06-27",687,0,1,0,1,1,0
"Germany","2020-06-28",256,0,1,0,1,1,0
"Germany","2020-06-29",262,0,1,0,1,1,0
"Germany","2020-06-30",498,0,1,0,1,1,0
"Germany","2020-07-01",466,0,1,0,1,1,0
"Germany","2020-07-02",503,0,1,0,1,1,0
"Germany","2020-07-03",446,0,1,0,1,1,0
"Germany","2020-07-04",422,0,1,0,1,1,0
"Germany","2020-07-05",239,0,1,0,1,1,0
"Germany","2020-07-06",219,0,1,0,1,1,0
"Germany","2020-07-07",390,0,1,0,1,1,0
"Germany","2020-07-08",397,0,1,0,1,1,0
"Germany","2020-07-09",442,0,1,0,1,1,0
"Germany","2020-07-10",395,0,1,0,1,1,0
"Germany","2020-07-11",378,0,1,0,1,1,0
"Germany","2020-07-12",248,0,1,0,1,1,0
"Germany","2020-07-13",159,0,1,0,1,1,0
"Germany","2020-07-14",412,0,1,0,1,1,0
"Germany","2020-07-15",351,0,1,0,1,1,0
"Germany","2020-07-16",534,0,1,0,1,1,0
"Germany","2020-07-17",583,0,1,0,1,1,0
"Germany","2020-07-18",529,0,1,0,1,1,0
"Germany","2020-07-19",202,0,1,0,1,1,0
"Germany","2020-07-20",249,0,1,0,1,1,0
"Germany","2020-07-21",522,0,1,0,1,1,0
"Germany","2020-07-22",454,0,1,0,1,1,0
"Germany","2020-07-23",569,0,1,0,1,1,0
"Germany","2020-07-24",815,0,1,0,1,1,0
"Germany","2020-07-25",781,0,1,0,1,1,0
"Germany","2020-07-26",305,0,1,0,1,1,0
"Germany","2020-07-27",340,0,1,0,1,1,0
"Germany","2020-07-28",633,0,1,0,1,1,0
"Germany","2020-07-29",684,0,1,0,1,1,0
"Germany","2020-07-30",902,0,1,0,1,1,0
"Germany","2020-07-31",870,0,1,0,1,1,0
"Germany","2020-08-01",955,0,1,0,1,1,0
"Germany","2020-08-02",240,0,1,0,1,1,0
"Germany","2020-08-03",509,0,1,0,1,1,0
"Germany","2020-08-04",879,0,1,0,1,1,0
"Germany","2020-08-05",741,0,1,0,1,1,0
"Germany","2020-08-06",1045,0,1,0,1,1,0
"Germany","2020-08-07",1147,0,1,0,1,1,0
"Germany","2020-08-08",1122,0,1,0,1,1,0
"Germany","2020-08-09",555,0,1,0,1,1,0
"Germany","2020-08-10",436,0,1,0,1,1,0
"Germany","2020-08-11",966,0,1,0,1,1,0
"Germany","2020-08-12",1226,0,1,0,1,1,0
"Germany","2020-08-13",1445,0,1,0,1,1,0
"Germany","2020-08-14",1449,0,1,0,1,1,0
"Germany","2020-08-15",1415,0,1,0,1,1,0
"Germany","2020-08-16",625,0,1,0,1,1,0
"Germany","2020-08-17",561,0,1,0,1,1,0
"Germany","2020-08-18",1390,0,1,0,1,1,0
"Germany","2020-08-19",1510,0,1,0,1,1,0
"Germany","2020-08-20",1707,0,1,0,1,1,0
"Germany","2020-08-21",1427,0,1,0,1,1,0
"Germany","2020-08-22",2034,0,1,0,1,1,0
"Germany","2020-08-23",782,0,1,0,1,1,0
"Germany","2020-08-24",711,0,1,0,1,1,0
"Germany","2020-08-25",1278,0,1,0,1,1,0
"Germany","2020-08-26",1576,0,1,0,1,1,0
"Germany","2020-08-27",1507,0,1,0,1,1,0
"Germany","2020-08-28",1571,0,1,0,1,1,0
"Germany","2020-08-29",1479,0,1,0,1,1,0
"Germany","2020-08-30",785,0,1,0,1,1,0
"Germany","2020-08-31",610,0,1,0,1,1,0
"Germany","2020-09-01",1218,0,1,0,1,1,0
"Germany","2020-09-02",1256,0,1,0,1,1,0
"Germany","2020-09-03",1311,0,1,0,1,1,0
"Germany","2020-09-04",1453,0,1,0,1,1,0
"Germany","2020-09-05",1378,0,1,0,1,1,0
"Germany","2020-09-06",988,0,1,0,1,1,0
"Germany","2020-09-07",814,0,1,0,1,1,0
"Germany","2020-09-08",1499,0,1,0,1,1,0
"Germany","2020-09-09",1176,0,1,0,1,1,0
"Germany","2020-09-10",1892,0,1,0,1,1,0
"Germany","2020-09-11",1484,0,1,0,1,1,0
"Germany","2020-09-12",1630,0,1,0,1,1,0
"Germany","2020-09-13",948,0,1,0,1,1,0
"Germany","2020-09-14",927,0,1,0,1,1,0
"Germany","2020-09-15",1407,0,1,0,1,1,0
"Germany","2020-09-16",1901,0,1,0,1,1,0
"Germany","2020-09-17",2194,0,1,0,1,1,0
"Germany","2020-09-18",1916,0,1,0,1,1,0
"Germany","2020-09-19",2297,0,1,0,1,1,0
"Germany","2020-09-20",1345,0,1,0,1,1,0
"Germany","2020-09-21",922,0,1,0,1,1,0
"Germany","2020-09-22",1821,0,1,0,1,1,0
"Germany","2020-09-23",1769,0,1,0,1,1,0
"Germany","2020-09-24",2143,0,1,0,1,1,0
"Germany","2020-09-25",2153,0,1,0,1,1,0
"Germany","2020-09-26",2507,0,1,0,1,1,0
"Germany","2020-09-27",1410,0,1,0,1,1,0
"Germany","2020-09-28",1192,0,1,0,1,1,0
"Germany","2020-09-29",2089,0,1,0,1,1,0
"Germany","2020-09-30",1798,0,1,0,1,1,0
"Germany","2020-10-01",2503,0,1,0,1,1,0
"Germany","2020-10-02",2673,0,1,0,1,1,0
"Germany","2020-10-03",2563,0,1,0,1,1,0
"Germany","2020-10-04",2279,0,1,0,1,1,0
"Germany","2020-10-05",1382,0,1,0,1,1,0
"Germany","2020-10-06",2639,0,1,0,1,1,0
"Germany","2020-10-07",2828,0,1,0,1,1,0
"Germany","2020-10-08",4058,0,1,0,1,1,0
"Germany","2020-10-09",4516,0,1,0,1,1,0
"Germany","2020-10-10",4721,0,1,0,1,1,0
"Germany","2020-10-11",3483,0,1,0,1,1,0
"Germany","2020-10-12",2467,0,1,0,1,1,0
"Germany","2020-10-13",4122,0,1,0,1,1,0
"Germany","2020-10-14",5132,0,1,0,1,1,0
"Germany","2020-10-15",6638,0,1,0,1,1,0
"Germany","2020-10-16",7334,0,1,0,1,1,0
"Germany","2020-10-17",7830,0,1,0,1,1,0
"Germany","2020-10-18",5587,0,1,0,1,1,0
"Germany","2020-10-19",4325,0,1,0,1,1,0
"Germany","2020-10-20",6868,0,1,0,1,1,0
"Germany","2020-10-21",7595,0,1,0,1,1,0
"Germany","2020-10-22",11287,0,1,0,1,1,0
"Germany","2020-10-23",11242,0,1,0,1,1,0
"Germany","2020-10-24",14714,0,1,0,1,1,0
"Germany","2020-10-25",11176,0,1,0,1,1,0
"Germany","2020-10-26",8685,0,1,0,1,1,0
"Germany","2020-10-27",11409,0,1,0,1,1,0
"Germany","2020-10-28",14964,0,1,0,1,1,0
"Germany","2020-10-29",16774,0,1,0,1,1,0
"Germany","2020-10-30",18681,0,1,0,1,1,0
"Germany","2020-10-31",19059,0,1,0,1,1,0
"Germany","2020-11-01",14177,0,1,0,1,1,0
"Germany","2020-11-02",12097,0,1,0,1,1,0
"Germany","2020-11-03",15352,0,1,0,1,1,0
"Germany","2020-11-04",17214,0,1,0,1,1,0
"Germany","2020-11-05",19990,0,1,0,1,1,0
"Germany","2020-11-06",21506,0,1,0,1,1,0
"Germany","2020-11-07",23399,0,1,0,1,1,0
"Germany","2020-11-08",16017,0,1,0,1,1,0
"Germany","2020-11-09",13363,0,1,0,1,1,0
"Germany","2020-11-10",15332,0,1,0,1,1,0
"Germany","2020-11-11",18487,0,1,0,1,0,0
"Germany","2020-11-12",21866,0,1,0,1,0,0
"Germany","2020-11-13",23542,0,1,0,1,0,0
"Germany","2020-11-14",22461,0,1,0,1,0,0
"Germany","2020-11-15",16947,0,1,0,1,0,0
"Germany","2020-11-16",10824,0,1,0,1,0,0
"Germany","2020-11-17",14419,0,1,0,1,0,0
"Germany","2020-11-18",17561,0,1,0,1,0,0
"Germany","2020-11-19",22609,0,1,0,1,0,0
"Germany","2020-11-20",23648,0,1,0,1,0,0
"Germany","2020-11-21",22964,0,1,0,1,0,0
"Germany","2020-11-22",15741,0,1,0,1,0,0
"Germany","2020-11-23",10864,0,1,0,1,0,0
"Germany","2020-11-24",13554,0,1,0,1,0,0
"Germany","2020-11-25",18633,0,1,0,1,0,0
"Germany","2020-11-26",22268,0,1,0,1,0,0
"Germany","2020-11-27",22806,0,1,0,1,0,0
"Germany","2020-11-28",21695,0,1,0,1,0,0
"Germany","2020-11-29",14611,0,1,0,1,0,0
"Germany","2020-11-30",11169,0,1,0,1,0,0
"Germany","2020-12-01",13604,0,1,0,1,0,0
"Germany","2020-12-02",17270,0,1,0,1,0,0
"Germany","2020-12-03",22046,0,1,0,1,0,0
"Germany","2020-12-04",23448,0,1,0,1,0,0
"Germany","2020-12-05",23318,0,1,0,1,0,0
"Germany","2020-12-06",17767,0,1,0,1,0,0
"Germany","2020-12-07",12332,0,1,0,1,0,0
"Germany","2020-12-08",14055,0,1,0,1,0,0
"Germany","2020-12-09",20815,0,1,0,1,0,0
"Germany","2020-12-10",23679,0,1,0,1,0,0
"Germany","2020-12-11",29875,0,1,0,1,0,0
"Germany","2020-12-12",28438,0,1,0,1,0,0
"Germany","2020-12-13",20200,0,1,0,1,0,0
"Germany","2020-12-14",16362,0,1,0,1,0,0
"Germany","2020-12-15",14432,0,1,0,1,0,0
"Germany","2020-12-16",27728,1,1,1,1,0,0
"Germany","2020-12-17",26923,1,1,1,1,0,0
"Germany","2020-12-18",33777,1,1,1,1,0,0
"Germany","2020-12-19",31300,1,1,1,1,0,0
"Germany","2020-12-20",22771,1,1,1,1,0,0
"Germany","2020-12-21",16643,1,1,1,1,0,0
"Germany","2020-12-22",19528,1,1,1,1,0,0
"Germany","2020-12-23",24740,1,1,1,1,0,0
"Germany","2020-12-24",32195,1,1,1,1,0,0
"Germany","2020-12-25",25533,1,1,1,1,0,0
"Germany","2020-12-26",14455,1,1,1,1,0,0
"Germany","2020-12-27",13755,1,1,1,1,0,1
"Germany","2020-12-28",10976,1,1,1,1,0,1
"Germany","2020-12-29",12892,1,1,1,1,0,1
"Germany","2020-12-30",22459,1,1,1,1,0,1
"Germany","2020-12-31",32552,1,1,1,1,0,1
"Germany","2021-01-01",22924,1,1,1,1,0,1
"Germany","2021-01-02",12690,1,1,1,1,0,1
"Germany","2021-01-03",10315,1,1,1,1,0,1
"Germany","2021-01-04",9847,1,1,1,1,0,1
"Germany","2021-01-05",11897,1,1,1,1,0,1
"Germany","2021-01-06",21237,1,1,1,1,0,1
"Germany","2021-01-07",26391,1,1,1,1,0,1
"Germany","2021-01-08",31849,1,1,1,1,0,1
"Germany","2021-01-09",24694,1,1,1,1,0,1
"Germany","2021-01-10",16946,1,1,1,1,0,1
"Germany","2021-01-11",12497,1,1,1,1,0,1
"Germany","2021-01-12",12802,1,1,1,1,0,1
"Germany","2021-01-13",19600,1,1,1,1,0,1
"Germany","2021-01-14",25164,1,1,1,1,0,1
"Germany","2021-01-15",22368,1,1,1,1,0,1
"Germany","2021-01-16",18678,1,1,1,1,0,1
"Germany","2021-01-17",13882,1,1,1,1,0,1
"Germany","2021-01-18",7141,1,1,1,1,0,1
"Germany","2021-01-19",11369,1,1,1,1,0,1
"Germany","2021-01-20",15974,1,1,1,1,0,1
"Germany","2021-01-21",20398,1,1,1,1,0,1
"Germany","2021-01-22",17862,1,1,1,1,0,1
"Germany","2021-01-23",16417,1,1,1,1,0,1
"Germany","2021-01-24",12257,1,1,1,1,0,1
"Germany","2021-01-25",6729,1,1,1,1,0,1
"Germany","2021-01-26",6412,1,1,1,1,0,1
"Germany","2021-01-27",13202,1,1,1,1,0,1
"Germany","2021-01-28",17549,1,1,1,1,0,1
"Germany","2021-01-29",14022,1,1,1,1,0,1
"Germany","2021-01-30",12321,1,1,1,1,0,1
"Germany","2021-01-31",11192,1,1,1,1,0,1
"Germany","2021-02-01",5608,1,1,1,1,0,1
"Germany","2021-02-02",6114,1,1,1,1,0,1
"Germany","2021-02-03",9705,1,1,1,1,0,1
"Germany","2021-02-04",14211,1,1,1,1,0,1
"Germany","2021-02-05",12908,1,1,1,1,0,1
"Germany","2021-02-06",10485,1,1,1,1,0,1
"Germany","2021-02-07",8616,1,1,1,1,0,1
"Germany","2021-02-08",4535,1,1,1,1,0,1
"Germany","2021-02-09",3379,1,1,1,1,0,1
"Germany","2021-02-10",8072,1,1,1,1,0,1
"Germany","2021-02-11",10237,1,1,1,1,0,1
"Germany","2021-02-12",9860,1,1,1,1,0,1
"Germany","2021-02-13",8354,1,1,1,1,0,1
"Germany","2021-02-14",6114,1,1,1,1,0,1
"Germany","2021-02-15",4426,1,1,1,1,0,1
"Germany","2021-02-16",3856,1,1,1,1,0,1
"Germany","2021-02-17",7556,1,1,1,1,0,1
"Germany","2021-02-18",10207,1,1,1,1,0,1
"Germany","2021-02-19",9113,1,1,1,1,0,1
"Germany","2021-02-20",9164,1,1,1,1,0,1
"Germany","2021-02-21",7676,1,1,1,1,0,1
"Germany","2021-02-22",4369,1,1,1,1,0,1
"Germany","2021-02-23",3883,1,1,1,1,0,1
"Germany","2021-02-24",8007,1,1,1,1,0,1
"Germany","2021-02-25",11869,1,1,1,1,0,1
"Germany","2021-02-26",9997,1,1,1,1,0,1
"Germany","2021-02-27",9762,1,1,1,1,0,1
"Germany","2021-02-28",7890,1,1,1,1,0,1
"Germany","2021-03-01",4732,0,1,1,1,0,1
"Germany","2021-03-02",3943,0,1,1,1,0,1
"Germany","2021-03-03",9019,0,1,1,1,0,1
"Germany","2021-03-04",11912,0,1,1,1,0,1
"Germany","2021-03-05",10580,0,1,1,1,0,1
"Germany","2021-03-06",9557,0,1,1,1,0,1
"Germany","2021-03-07",8103,0,1,1,1,0,1
"Germany","2021-03-08",5011,0,1,1,1,0,1
"Germany","2021-03-09",4252,0,1,1,1,0,1
"Germany","2021-03-10",9146,0,1,1,1,0,1
"Germany","2021-03-11",14356,0,1,1,1,0,1
"Germany","2021-03-12",12834,0,1,1,1,0,1
"Germany","2021-03-13",12674,0,1,1,1,0,1
"Germany","2021-03-14",10790,0,1,1,1,0,1
"Germany","2021-03-15",6604,0,1,1,1,0,1
"Germany","2021-03-16",5480,0,1,1,1,0,1
"Germany","2021-03-17",13435,0,1,1,1,0,1
"Germany","2021-03-18",17504,0,1,1,1,0,1
"Germany","2021-03-19",17482,0,1,1,1,0,1
"Germany","2021-03-20",16033,0,1,1,1,0,1
"Germany","2021-03-21",13733,0,1,1,1,0,1
"Germany","2021-03-22",7709,0,1,1,1,0,1
"Germany","2021-03-23",7485,0,1,1,1,0,1
"Germany","2021-03-24",15813,0,1,1,1,0,1
"Germany","2021-03-25",22657,0,1,1,1,0,1
"Germany","2021-03-26",21573,0,1,1,1,0,1
"Germany","2021-03-27",20472,0,1,1,1,0,1
"Germany","2021-03-28",17176,0,1,1,1,0,1
"Germany","2021-03-29",9872,0,1,1,1,0,1
"Germany","2021-03-30",9549,0,1,1,1,0,1
"Germany","2021-03-31",17051,0,1,1,1,0,1
"Germany","2021-04-01",24300,0,1,1,1,0,1
"Germany","2021-04-02",21888,0,1,1,1,0,1
"Germany","2021-04-03",18129,0,1,1,1,0,1
"Germany","2021-04-04",12196,0,1,1,1,0,1
"Germany","2021-04-05",8497,0,1,1,1,0,1
"Germany","2021-04-06",6885,0,1,1,1,0,1
"Germany","2021-04-07",9677,0,1,1,1,0,1
"Germany","2021-04-08",20407,0,1,1,1,0,1
"Germany","2021-04-09",25464,0,1,1,1,0,1
"Germany","2021-04-10",24097,0,1,1,1,0,1
"Germany","2021-04-11",17855,0,1,1,1,0,1
"Germany","2021-04-12",13245,0,1,1,1,0,1
"Germany","2021-04-13",10810,0,1,1,1,0,1
"Germany","2021-04-14",21693,0,1,1,1,0,1
"Germany","2021-04-15",29426,0,1,1,1,0,1
"Germany","2021-04-16",25831,0,1,1,1,0,1
"Germany","2021-04-17",23804,0,1,1,1,0,1
"Germany","2021-04-18",19185,0,1,1,1,0,1
"Germany","2021-04-19",19185,0,1,1,1,0,1
"Germany","2021-04-20",21046,0,1,1,1,0,1
"Germany","2021-04-21",24884,0,1,1,1,0,1
"Germany","2021-04-22",29518,0,1,1,1,0,1
"Germany","2021-04-23",27543,0,1,1,1,0,1
"Germany","2021-04-24",23392,0,1,1,1,0,1
"Germany","2021-04-25",18773,0,1,1,1,0,1
"Germany","2021-04-26",11907,0,1,1,1,0,1
"Germany","2021-04-27",10976,0,1,1,1,0,1
"Germany","2021-04-28",22231,0,1,1,1,0,1
"Germany","2021-04-29",24736,0,1,1,1,0,1
"Germany","2021-04-30",24329,0,1,1,1,0,1
"Germany","2021-05-01",18935,0,1,1,1,0,1
"Germany","2021-05-02",16290,0,1,1,1,0,1
"Germany","2021-05-03",9160,0,1,1,1,0,1
"Germany","2021-05-04",7534,0,1,1,1,0,1
"Germany","2021-05-05",18034,0,1,1,1,0,1
"Germany","2021-05-06",21953,0,1,1,1,0,1
"Germany","2021-05-07",18485,0,1,1,1,0,1
"Germany","2021-05-08",15685,0,1,1,1,0,1
"Germany","2021-05-09",12656,0,1,1,1,0,1
"Germany","2021-05-10",6922,0,1,1,1,0,1
"Germany","2021-05-11",6125,0,1,1,1,0,1
"Italy","2020-02-28",250,1,1,1,1,0,0
"Italy","2020-02-29",238,1,1,1,1,0,0
"Italy","2020-03-01",240,1,1,1,1,0,0
"Italy","2020-03-02",561,1,1,1,1,0,0
"Italy","2020-03-03",347,1,1,1,1,0,0
"Italy","2020-03-04",466,1,1,1,1,0,0
"Italy","2020-03-05",587,1,1,1,1,0,0
"Italy","2020-03-06",769,1,1,1,1,0,0
"Italy","2020-03-07",778,1,1,1,1,0,0
"Italy","2020-03-08",1247,1,1,1,1,0,0
"Italy","2020-03-09",1492,1,1,1,1,0,0
"Italy","2020-03-10",1797,1,1,1,1,0,0
"Italy","2020-03-11",977,1,1,1,1,0,0
"Italy","2020-03-12",2313,1,1,1,1,0,0
"Italy","2020-03-13",2651,1,1,1,1,0,0
"Italy","2020-03-14",2547,1,1,1,1,0,0
"Italy","2020-03-15",3497,1,1,1,1,0,0
"Italy","2020-03-16",2823,1,1,1,1,0,0
"Italy","2020-03-17",4000,1,1,1,1,0,0
"Italy","2020-03-18",3526,1,1,1,1,0,0
"Italy","2020-03-19",4207,1,1,1,1,0,0
"Italy","2020-03-20",5322,1,1,1,1,0,0
"Italy","2020-03-21",5986,1,1,1,1,0,0
"Italy","2020-03-22",6557,1,1,1,1,0,0
"Italy","2020-03-23",5560,1,1,1,1,0,0
"Italy","2020-03-24",4789,1,1,1,1,0,0
"Italy","2020-03-25",5249,1,1,1,1,0,0
"Italy","2020-03-26",5210,1,1,1,1,0,0
"Italy","2020-03-27",6153,1,1,1,1,0,0
"Italy","2020-03-28",5959,1,1,1,1,0,0
"Italy","2020-03-29",5974,1,1,1,1,0,0
"Italy","2020-03-30",5217,1,1,1,1,0,0
"Italy","2020-03-31",4050,1,1,1,1,0,0
"Italy","2020-04-01",4053,1,1,1,1,0,0
"Italy","2020-04-02",4782,1,1,1,1,0,0
"Italy","2020-04-03",4668,1,1,1,1,0,0
"Italy","2020-04-04",4585,1,1,1,1,1,0
"Italy","2020-04-05",4805,1,1,1,1,1,0
"Italy","2020-04-06",4316,1,1,1,1,1,0
"Italy","2020-04-07",3599,1,1,1,1,1,0
"Italy","2020-04-08",3039,1,1,1,1,1,0
"Italy","2020-04-09",3836,1,1,1,1,1,0
"Italy","2020-04-10",4204,1,1,1,1,1,0
"Italy","2020-04-11",3951,1,1,1,1,1,0
"Italy","2020-04-12",4694,1,1,1,1,1,0
"Italy","2020-04-13",4092,1,1,1,1,1,0
"Italy","2020-04-14",3153,1,1,1,1,1,0
"Italy","2020-04-15",2972,1,1,1,1,1,0
"Italy","2020-04-16",2667,1,1,1,1,1,0
"Italy","2020-04-17",3786,1,1,1,1,1,0
"Italy","2020-04-18",3493,1,1,1,1,1,0
"Italy","2020-04-19",3491,1,1,1,1,1,0
"Italy","2020-04-20",3047,1,1,1,1,1,0
"Italy","2020-04-21",2256,1,1,1,1,1,0
"Italy","2020-04-22",2729,1,1,1,1,1,0
"Italy","2020-04-23",3370,1,1,1,1,1,0
"Italy","2020-04-24",2646,1,1,1,1,1,0
"Italy","2020-04-25",3021,1,1,1,1,1,0
"Italy","2020-04-26",2357,1,1,1,1,1,0
"Italy","2020-04-27",2324,1,1,1,1,1,0
"Italy","2020-04-28",1739,1,1,1,1,1,0
"Italy","2020-04-29",2091,1,1,1,1,1,0
"Italy","2020-04-30",2086,1,1,1,1,1,0
"Italy","2020-05-01",1872,1,1,1,1,1,0
"Italy","2020-05-02",1965,1,1,1,1,1,0
"Italy","2020-05-03",1900,1,1,1,1,1,0
"Italy","2020-05-04",1389,0,1,0,0,1,0
"Italy","2020-05-05",1221,0,1,0,0,1,0
"Italy","2020-05-06",1075,0,1,0,0,1,0
"Italy","2020-05-07",1444,0,1,0,0,1,0
"Italy","2020-05-08",1401,0,1,0,0,1,0
"Italy","2020-05-09",1327,0,1,0,0,1,0
"Italy","2020-05-10",1083,0,1,0,0,1,0
"Italy","2020-05-11",802,0,1,0,0,1,0
"Italy","2020-05-12",744,0,1,0,0,1,0
"Italy","2020-05-13",1402,0,1,0,0,1,0
"Italy","2020-05-14",888,0,1,0,0,1,0
"Italy","2020-05-15",992,0,1,0,0,1,0
"Italy","2020-05-16",789,0,1,0,0,1,0
"Italy","2020-05-17",875,0,1,0,0,1,0
"Italy","2020-05-18",675,0,0,0,1,1,0
"Italy","2020-05-19",451,0,0,0,1,1,0
"Italy","2020-05-20",813,0,0,0,1,1,0
"Italy","2020-05-21",665,0,0,0,1,1,0
"Italy","2020-05-22",642,0,0,0,1,1,0
"Italy","2020-05-23",652,0,0,0,1,1,0
"Italy","2020-05-24",669,0,0,0,1,1,0
"Italy","2020-05-25",531,0,0,0,1,1,0
"Italy","2020-05-26",300,0,0,0,1,1,0
"Italy","2020-05-27",397,0,0,0,1,1,0
"Italy","2020-05-28",584,0,0,0,1,1,0
"Italy","2020-05-29",593,0,0,0,1,1,0
"Italy","2020-05-30",516,0,0,0,1,1,0
"Italy","2020-05-31",416,0,0,0,1,1,0
"Italy","2020-06-01",355,0,0,0,1,1,0
"Italy","2020-06-02",178,0,0,0,1,1,0
"Italy","2020-06-03",318,0,0,0,1,1,0
"Italy","2020-06-04",321,0,0,0,1,1,0
"Italy","2020-06-05",177,0,0,0,1,1,0
"Italy","2020-06-06",518,0,0,0,1,1,0
"Italy","2020-06-07",270,0,0,0,1,1,0
"Italy","2020-06-08",197,0,0,0,1,1,0
"Italy","2020-06-09",280,0,0,0,1,1,0
"Italy","2020-06-10",283,0,0,0,1,1,0
"Italy","2020-06-11",202,0,0,0,1,1,0
"Italy","2020-06-12",379,0,0,0,1,1,0
"Italy","2020-06-13",163,0,0,0,1,1,0
"Italy","2020-06-14",346,0,0,0,1,1,0
"Italy","2020-06-15",338,0,0,0,1,1,0
"Italy","2020-06-16",301,0,0,0,1,1,0
"Italy","2020-06-17",210,0,0,0,1,1,0
"Italy","2020-06-18",328,0,0,0,1,1,0
"Italy","2020-06-19",331,0,0,0,1,1,0
"Italy","2020-06-20",148,0,0,0,1,1,0
"Italy","2020-06-21",264,0,0,0,1,1,0
"Italy","2020-06-22",224,0,0,0,1,1,0
"Italy","2020-06-23",221,0,0,0,1,1,0
"Italy","2020-06-24",113,0,0,0,1,1,0
"Italy","2020-06-25",577,0,0,0,1,1,0
"Italy","2020-06-26",296,0,0,0,1,1,0
"Italy","2020-06-27",255,0,0,0,1,1,0
"Italy","2020-06-28",175,0,0,0,1,1,0
"Italy","2020-06-29",174,0,0,0,1,1,0
"Italy","2020-06-30",126,0,0,0,1,1,0
"Italy","2020-07-01",142,0,0,0,1,1,0
"Italy","2020-07-02",182,0,0,0,1,1,0
"Italy","2020-07-03",201,0,0,0,1,1,0
"Italy","2020-07-04",223,0,0,0,1,1,0
"Italy","2020-07-05",235,0,0,0,1,1,0
"Italy","2020-07-06",192,0,0,0,1,1,0
"Italy","2020-07-07",208,0,0,0,1,1,0
"Italy","2020-07-08",137,0,0,0,1,1,0
"Italy","2020-07-09",193,0,0,0,1,1,0
"Italy","2020-07-10",214,0,0,0,1,1,0
"Italy","2020-07-11",276,0,0,0,1,1,0
"Italy","2020-07-12",188,0,0,0,1,1,0
"Italy","2020-07-13",234,0,0,0,1,1,0
"Italy","2020-07-14",169,0,0,0,1,1,0
"Italy","2020-07-15",114,0,0,0,1,1,0
"Italy","2020-07-16",162,0,0,0,1,1,0
"Italy","2020-07-17",230,0,0,0,1,1,0
"Italy","2020-07-18",231,0,0,0,1,1,0
"Italy","2020-07-19",249,0,0,0,1,1,0
"Italy","2020-07-20",218,0,0,0,1,1,0
"Italy","2020-07-21",190,0,0,0,1,1,0
"Italy","2020-07-22",128,0,0,0,1,1,0
"Italy","2020-07-23",280,0,0,0,1,1,0
"Italy","2020-07-24",306,0,0,0,1,1,0
"Italy","2020-07-25",252,0,0,0,1,1,0
"Italy","2020-07-26",274,0,0,0,1,1,0
"Italy","2020-07-27",254,0,0,0,1,1,0
"Italy","2020-07-28",168,0,0,0,1,1,0
"Italy","2020-07-29",202,0,0,0,1,1,0
"Italy","2020-07-30",288,0,0,0,1,1,0
"Italy","2020-07-31",382,0,0,0,1,1,0
"Italy","2020-08-01",379,0,0,0,1,1,0
"Italy","2020-08-02",295,0,0,0,1,1,0
"Italy","2020-08-03",238,0,0,0,1,1,0
"Italy","2020-08-04",159,0,0,0,1,1,0
"Italy","2020-08-05",190,0,0,0,1,1,0
"Italy","2020-08-06",384,0,0,0,1,1,0
"Italy","2020-08-07",401,0,0,0,1,1,0
"Italy","2020-08-08",552,0,0,0,1,1,0
"Italy","2020-08-09",347,0,0,0,1,1,0
"Italy","2020-08-10",463,0,0,0,1,1,0
"Italy","2020-08-11",259,0,0,0,1,1,0
"Italy","2020-08-12",412,0,0,0,1,1,0
"Italy","2020-08-13",476,0,0,0,1,1,0
"Italy","2020-08-14",522,0,0,0,1,1,0
"Italy","2020-08-15",574,0,0,0,1,1,0
"Italy","2020-08-16",629,0,0,0,1,1,0
"Italy","2020-08-17",477,0,0,0,1,1,0
"Italy","2020-08-18",320,0,0,0,1,1,0
"Italy","2020-08-19",401,0,0,0,1,1,0
"Italy","2020-08-20",642,0,0,0,1,1,0
"Italy","2020-08-21",840,0,0,0,1,1,0
"Italy","2020-08-22",947,0,0,0,1,1,0
"Italy","2020-08-23",1071,0,0,0,1,1,0
"Italy","2020-08-24",1209,0,0,0,1,1,0
"Italy","2020-08-25",953,0,0,0,1,1,0
"Italy","2020-08-26",876,0,0,0,1,1,0
"Italy","2020-08-27",1366,0,0,0,1,1,0
"Italy","2020-08-28",1409,0,0,0,1,1,0
"Italy","2020-08-29",1460,0,0,0,1,1,0
"Italy","2020-08-30",1444,0,0,0,1,1,0
"Italy","2020-08-31",1365,0,0,0,1,1,0
"Italy","2020-09-01",996,0,0,0,1,1,0
"Italy","2020-09-02",975,0,0,0,1,1,0
"Italy","2020-09-03",1326,0,0,0,1,1,0
"Italy","2020-09-04",1397,0,0,0,1,1,0
"Italy","2020-09-05",1732,0,0,0,1,1,0
"Italy","2020-09-06",1694,0,0,0,1,1,0
"Italy","2020-09-07",1296,0,0,0,1,1,0
"Italy","2020-09-08",1150,0,0,0,1,1,0
"Italy","2020-09-09",1369,0,0,0,1,1,0
"Italy","2020-09-10",1430,0,0,0,1,1,0
"Italy","2020-09-11",1597,0,0,0,1,1,0
"Italy","2020-09-12",1616,0,0,0,1,1,0
"Italy","2020-09-13",1501,0,0,0,1,1,0
"Italy","2020-09-14",1456,0,0,0,1,1,0
"Italy","2020-09-15",1008,0,0,0,1,1,0
"Italy","2020-09-16",1229,0,0,0,1,1,0
"Italy","2020-09-17",1452,0,0,0,1,1,0
"Italy","2020-09-18",1583,0,0,0,1,1,0
"Italy","2020-09-19",1907,0,0,0,1,1,0
"Italy","2020-09-20",1637,0,0,0,1,1,0
"Italy","2020-09-21",1587,0,0,0,1,1,0
"Italy","2020-09-22",1350,0,0,0,1,1,0
"Italy","2020-09-23",1391,0,0,0,1,1,0
"Italy","2020-09-24",1640,0,0,0,1,1,0
"Italy","2020-09-25",1786,0,0,0,1,1,0
"Italy","2020-09-26",1912,0,0,0,1,1,0
"Italy","2020-09-27",1869,0,0,0,1,1,0
"Italy","2020-09-28",1766,0,0,0,1,1,0
"Italy","2020-09-29",1494,0,0,0,1,1,0
"Italy","2020-09-30",1647,0,0,0,1,1,0
"Italy","2020-10-01",1850,0,0,0,1,1,0
"Italy","2020-10-02",2548,0,0,0,1,1,0
"Italy","2020-10-03",2499,0,0,0,1,1,0
"Italy","2020-10-04",2843,0,0,0,1,1,0
"Italy","2020-10-05",2578,0,0,0,1,1,0
"Italy","2020-10-06",2257,0,1,0,1,1,0
"Italy","2020-10-07",2677,0,1,0,1,1,0
"Italy","2020-10-08",3677,0,1,0,1,1,0
"Italy","2020-10-09",4458,0,1,0,1,1,0
"Italy","2020-10-10",5372,0,1,0,1,1,0
"Italy","2020-10-11",5724,0,1,0,1,1,0
"Italy","2020-10-12",5456,0,1,0,1,1,0
"Italy","2020-10-13",4619,0,1,0,1,1,0
"Italy","2020-10-14",5898,0,1,0,1,1,0
"Italy","2020-10-15",7332,0,1,0,1,1,0
"Italy","2020-10-16",8803,0,1,0,1,1,0
"Italy","2020-10-17",10009,0,1,0,1,1,0
"Italy","2020-10-18",10925,0,1,0,1,1,0
"Italy","2020-10-19",11705,0,1,0,1,1,0
"Italy","2020-10-20",9337,0,1,0,1,1,0
"Italy","2020-10-21",10871,0,1,0,1,1,0
"Italy","2020-10-22",15199,0,1,0,1,1,0
"Italy","2020-10-23",16078,0,1,1,1,1,0
"Italy","2020-10-24",19143,0,1,1,1,1,0
"Italy","2020-10-25",19640,0,1,1,1,1,0
"Italy","2020-10-26",21273,0,1,1,1,1,0
"Italy","2020-10-27",17007,0,1,1,1,1,0
"Italy","2020-10-28",21989,0,1,1,1,1,0
"Italy","2020-10-29",24988,0,1,1,1,1,0
"Italy","2020-10-30",26829,0,1,1,1,1,0
"Italy","2020-10-31",31079,0,1,1,1,1,0
"Italy","2020-11-01",31756,0,1,1,1,1,0
"Italy","2020-11-02",29905,0,1,1,1,1,0
"Italy","2020-11-03",22253,0,1,1,1,1,0
"Italy","2020-11-04",28241,0,1,1,1,1,0
"Italy","2020-11-05",30548,0,1,1,1,1,0
"Italy","2020-11-06",34502,1,1,1,1,1,0
"Italy","2020-11-07",37802,1,1,1,1,1,0
"Italy","2020-11-08",39809,1,1,1,1,1,0
"Italy","2020-11-09",32614,1,1,1,1,1,0
"Italy","2020-11-10",25269,1,1,1,1,1,0
"Italy","2020-11-11",35090,1,1,1,1,1,0
"Italy","2020-11-12",32961,1,1,1,1,1,0
"Italy","2020-11-13",37977,1,1,1,1,1,0
"Italy","2020-11-14",40902,1,1,1,1,1,0
"Italy","2020-11-15",37249,1,1,1,1,1,0
"Italy","2020-11-16",33977,1,1,1,1,1,0
"Italy","2020-11-17",27352,1,1,1,1,1,0
"Italy","2020-11-18",32191,1,1,1,1,1,0
"Italy","2020-11-19",34280,1,1,1,1,1,0
"Italy","2020-11-20",36176,1,1,1,1,1,0
"Italy","2020-11-21",37239,1,1,1,1,1,0
"Italy","2020-11-22",34764,1,1,1,1,1,0
"Italy","2020-11-23",28337,1,1,1,1,1,0
"Italy","2020-11-24",22927,1,1,1,1,1,0
"Italy","2020-11-25",23227,1,1,1,1,1,0
"Italy","2020-11-26",25852,1,1,1,1,1,0
"Italy","2020-11-27",29001,1,1,1,1,1,0
"Italy","2020-11-28",28342,1,1,1,1,1,0
"Italy","2020-11-29",26315,1,1,1,1,1,0
"Italy","2020-11-30",20646,1,1,1,1,1,0
"Italy","2020-12-01",16376,1,1,1,1,1,0
"Italy","2020-12-02",19347,1,1,1,1,1,0
"Italy","2020-12-03",20709,1,1,1,1,1,0
"Italy","2020-12-04",23219,1,1,1,1,1,0
"Italy","2020-12-05",24110,1,1,1,1,1,0
"Italy","2020-12-06",21052,1,1,1,1,1,0
"Italy","2020-12-07",18887,1,1,1,1,1,0
"Italy","2020-12-08",13679,1,1,1,1,1,0
"Italy","2020-12-09",14837,1,1,1,1,1,0
"Italy","2020-12-10",12755,1,1,1,1,1,0
"Italy","2020-12-11",16998,1,1,1,1,1,0
"Italy","2020-12-12",18726,1,1,1,1,1,0
"Italy","2020-12-13",19902,1,1,1,1,1,0
"Italy","2020-12-14",17937,1,1,1,1,1,0
"Italy","2020-12-15",12025,1,1,1,1,1,0
"Italy","2020-12-16",14839,1,1,1,1,1,0
"Italy","2020-12-17",17568,1,1,1,1,1,0
"Italy","2020-12-18",18233,1,1,1,1,1,0
"Italy","2020-12-19",15401,1,1,1,1,1,0
"Italy","2020-12-20",16305,1,1,1,1,1,0
"Italy","2020-12-21",15102,1,1,1,1,1,0
"Italy","2020-12-22",10869,1,1,1,1,1,0
"Italy","2020-12-23",13316,1,1,1,1,1,0
"Italy","2020-12-24",13908,1,1,1,1,1,0
"Italy","2020-12-25",18039,1,1,1,1,1,0
"Italy","2020-12-26",19037,1,1,1,1,1,0
"Italy","2020-12-27",10405,1,1,1,1,1,1
"Italy","2020-12-28",8937,0,1,1,1,1,1
"Italy","2020-12-29",8581,0,1,1,1,1,1
"Italy","2020-12-30",11210,0,1,1,1,1,1
"Italy","2020-12-31",16202,1,1,1,1,1,1
"Italy","2021-01-01",23477,1,1,1,1,1,1
"Italy","2021-01-02",22210,1,1,1,1,1,1
"Italy","2021-01-03",11825,1,1,1,1,1,1
"Italy","2021-01-04",14245,1,1,1,1,1,1
"Italy","2021-01-05",10798,1,1,1,1,1,1
"Italy","2021-01-06",15375,1,1,1,1,1,1
"Italy","2021-01-07",20326,0,1,1,1,1,1
"Italy","2021-01-08",18416,0,1,1,1,1,1
"Italy","2021-01-09",17529,0,1,1,1,1,1
"Italy","2021-01-10",19976,0,1,1,1,1,1
"Italy","2021-01-11",18625,0,1,1,1,1,1
"Italy","2021-01-12",12530,0,1,1,1,1,1
"Italy","2021-01-13",14242,0,1,1,1,1,1
"Italy","2021-01-14",15773,0,1,1,1,1,1
"Italy","2021-01-15",17243,0,1,1,1,1,1
"Italy","2021-01-16",16144,0,1,1,1,1,1
"Italy","2021-01-17",16310,0,1,1,1,1,1
"Italy","2021-01-18",12544,0,1,1,1,1,1
"Italy","2021-01-19",8825,0,1,1,1,1,1
"Italy","2021-01-20",10496,0,1,1,1,1,1
"Italy","2021-01-21",13568,0,1,1,1,1,1
"Italy","2021-01-22",14055,0,1,1,1,1,1
"Italy","2021-01-23",13633,0,1,1,1,1,1
"Italy","2021-01-24",13331,0,1,1,1,1,1
"Italy","2021-01-25",11628,0,1,1,1,1,1
"Italy","2021-01-26",8559,0,1,1,1,1,1
"Italy","2021-01-27",10584,0,1,1,1,1,1
"Italy","2021-01-28",15191,0,1,1,1,1,1
"Italy","2021-01-29",14360,0,1,1,1,1,1
"Italy","2021-01-30",13563,0,1,1,1,1,1
"Italy","2021-01-31",12713,0,1,1,1,1,1
"Italy","2021-02-01",11249,0,1,1,1,1,1
"Italy","2021-02-02",7925,0,1,1,1,1,1
"Italy","2021-02-03",9651,0,1,1,1,1,1
"Italy","2021-02-04",13182,0,1,1,1,1,1
"Italy","2021-02-05",13656,0,1,1,1,1,1
"Italy","2021-02-06",14213,0,1,1,1,1,1
"Italy","2021-02-07",13439,0,1,1,1,1,1
"Italy","2021-02-08",11640,0,1,1,1,1,1
"Italy","2021-02-09",7969,0,1,1,1,1,1
"Italy","2021-02-10",10612,0,1,1,1,1,1
"Italy","2021-02-11",12947,0,1,1,1,1,1
"Italy","2021-02-12",15137,0,1,1,1,1,1
"Italy","2021-02-13",13893,0,1,1,1,1,1
"Italy","2021-02-14",13523,0,1,1,1,1,1
"Italy","2021-02-15",11060,0,1,1,1,1,1
"Italy","2021-02-16",7344,0,1,1,1,1,1
"Italy","2021-02-17",10368,0,1,1,1,1,1
"Italy","2021-02-18",12066,0,1,1,1,1,1
"Italy","2021-02-19",13755,0,1,1,1,1,1
"Italy","2021-02-20",15470,0,1,1,1,1,1
"Italy","2021-02-21",14914,0,1,1,1,1,1
"Italy","2021-02-22",13450,0,1,1,1,1,1
"Italy","2021-02-23",9617,0,1,1,1,1,1
"Italy","2021-02-24",13299,0,1,1,1,1,1
"Italy","2021-02-25",16402,0,1,1,1,1,1
"Italy","2021-02-26",19871,0,1,1,1,1,1
"Italy","2021-02-27",20488,0,1,1,1,1,1
"Italy","2021-02-28",18902,0,1,1,1,1,1
"Italy","2021-03-01",17440,0,1,1,1,1,1
"Italy","2021-03-02",13106,0,1,1,1,1,1
"Italy","2021-03-03",17063,0,1,1,1,1,1
"Italy","2021-03-04",20840,0,1,1,1,1,1
"Italy","2021-03-05",22845,0,1,1,1,1,1
"Italy","2021-03-06",24010,1,1,1,1,1,1
"Italy","2021-03-07",23633,1,1,1,1,1,1
"Italy","2021-03-08",20724,1,1,1,1,1,1
"Italy","2021-03-09",13882,1,1,1,1,1,1
"Italy","2021-03-10",19725,1,1,1,1,1,1
"Italy","2021-03-11",22275,1,1,1,1,1,1
"Italy","2021-03-12",25649,1,1,1,1,1,1
"Italy","2021-03-13",26790,1,1,1,1,1,1
"Italy","2021-03-14",26031,1,1,1,1,1,1
"Italy","2021-03-15",21304,1,1,1,1,1,1
"Italy","2021-03-16",15252,1,1,1,1,1,1
"Italy","2021-03-17",20376,1,1,1,1,1,1
"Italy","2021-03-18",23040,1,1,1,1,1,1
"Italy","2021-03-19",24901,1,1,1,1,1,1
"Italy","2021-03-20",25707,1,1,1,1,1,1
"Italy","2021-03-21",23913,1,1,1,1,1,1
"Italy","2021-03-22",20045,1,1,1,1,1,1
"Italy","2021-03-23",24501,1,1,1,1,1,1
"Italy","2021-03-24",18739,1,1,1,1,1,1
"Italy","2021-03-25",21246,1,1,1,1,1,1
"Italy","2021-03-26",23681,1,1,1,1,1,1
"Italy","2021-03-27",24076,1,1,1,1,1,1
"Italy","2021-03-28",23834,1,1,1,1,1,1
"Italy","2021-03-29",19604,1,1,1,1,1,1
"Italy","2021-03-30",12900,1,1,1,1,1,1
"Italy","2021-03-31",16055,1,1,1,1,1,1
"Italy","2021-04-01",23887,1,1,1,1,1,1
"Italy","2021-04-02",22184,1,1,1,1,1,1
"Italy","2021-04-03",21917,1,1,1,1,1,1
"Italy","2021-04-04",21247,1,1,1,1,1,1
"Italy","2021-04-05",18017,1,1,1,1,1,1
"Italy","2021-04-06",10680,1,1,1,1,1,1
"Italy","2021-04-07",7763,1,1,1,1,1,1
"Italy","2021-04-08",13686,1,1,1,1,1,1
"Italy","2021-04-09",17209,1,1,1,1,1,1
"Italy","2021-04-10",18924,1,1,1,1,1,1
"Italy","2021-04-11",17551,1,1,1,1,1,1
"Italy","2021-04-12",15737,1,1,1,1,1,1
"Italy","2021-04-13",9780,1,1,1,1,1,1
"Italy","2021-04-14",13439,1,1,1,1,1,1
"Italy","2021-04-15",16160,1,1,1,1,1,1
"Italy","2021-04-16",16963,1,1,1,1,1,1
"Italy","2021-04-17",15923,1,1,1,1,1,1
"Italy","2021-04-18",15364,1,1,1,1,1,1
"Italy","2021-04-19",12688,1,1,1,1,1,1
"Italy","2021-04-20",8863,1,1,1,1,1,1
"Italy","2021-04-21",12069,1,1,1,1,1,1
"Italy","2021-04-22",13836,1,1,1,1,1,1
"Italy","2021-04-23",16046,1,1,1,1,1,1
"Italy","2021-04-24",14758,1,1,1,1,1,1
"Italy","2021-04-25",13814,1,1,1,1,1,1
"Italy","2021-04-26",13157,1,1,1,1,1,1
"Italy","2021-04-27",8440,1,1,1,1,1,1
"Italy","2021-04-28",10398,1,1,1,1,1,1
"Italy","2021-04-29",13382,1,1,1,1,1,1
"Italy","2021-04-30",14314,1,1,1,1,1,1
"Italy","2021-05-01",13445,1,1,1,1,1,1
"Italy","2021-05-02",12964,1,1,1,1,1,1
"Italy","2021-05-03",9145,1,1,1,1,1,1
"Italy","2021-05-04",5946,1,1,1,1,1,1
"Italy","2021-05-05",9113,1,1,1,1,1,1
"Italy","2021-05-06",10579,1,1,1,1,1,1
"Italy","2021-05-07",11798,1,1,1,1,1,1
"Italy","2021-05-08",10549,1,1,1,1,1,1
"Italy","2021-05-09",10174,1,1,1,1,1,1
"Italy","2021-05-10",8289,1,1,1,1,1,1
"Italy","2021-05-11",5077,1,1,1,1,1,1
"Spain","2020-03-06",100,0,0,0,0,0,0
"Spain","2020-03-07",190,0,0,0,0,0,0
"Spain","2020-03-08",275,0,0,0,0,0,0
"Spain","2020-03-09",290,0,0,0,0,0,0
"Spain","2020-03-10",369,0,0,0,1,0,0
"Spain","2020-03-11",650,0,0,0,1,0,0
"Spain","2020-03-12",1036,0,0,0,1,0,0
"Spain","2020-03-13",1346,0,0,0,1,0,0
"Spain","2020-03-14",1811,0,0,1,1,0,0
"Spain","2020-03-15",2179,0,0,1,1,0,0
"Spain","2020-03-16",2032,0,0,1,1,0,0
"Spain","2020-03-17",2310,0,0,1,1,0,0
"Spain","2020-03-18",3263,0,0,1,1,0,0
"Spain","2020-03-19",4482,0,0,1,1,0,0
"Spain","2020-03-20",4785,0,0,1,1,0,0
"Spain","2020-03-21",5880,0,0,1,1,0,0
"Spain","2020-03-22",6527,0,0,1,1,0,0
"Spain","2020-03-23",5795,0,0,1,1,0,0
"Spain","2020-03-24",5323,0,0,1,1,0,0
"Spain","2020-03-25",8206,0,0,1,1,0,0
"Spain","2020-03-26",9724,0,0,1,1,0,0
"Spain","2020-03-27",10140,0,0,1,1,0,0
"Spain","2020-03-28",10116,0,0,1,1,0,0
"Spain","2020-03-29",9097,0,0,1,1,0,0
"Spain","2020-03-30",7096,1,1,1,1,0,0
"Spain","2020-03-31",5091,1,1,1,1,0,0
"Spain","2020-04-01",8008,1,1,1,1,0,0
"Spain","2020-04-02",7927,1,1,1,1,0,0
"Spain","2020-04-03",7059,1,1,1,1,0,0
"Spain","2020-04-04",6907,1,1,1,1,0,0
"Spain","2020-04-05",6823,1,1,1,1,0,0
"Spain","2020-04-06",4670,1,1,1,1,0,0
"Spain","2020-04-07",3146,1,1,1,1,0,0
"Spain","2020-04-08",5396,1,1,1,1,0,0
"Spain","2020-04-09",5324,1,1,1,1,0,0
"Spain","2020-04-10",5486,1,1,1,1,0,0
"Spain","2020-04-11",4612,1,1,1,1,0,0
"Spain","2020-04-12",4438,1,1,1,1,0,0
"Spain","2020-04-13",3075,1,1,1,1,0,0
"Spain","2020-04-14",2380,1,1,1,1,0,0
"Spain","2020-04-15",3126,1,1,1,1,0,0
"Spain","2020-04-16",3994,1,1,1,1,0,0
"Spain","2020-04-17",3704,1,1,1,1,0,0
"Spain","2020-04-18",3418,1,1,1,1,0,0
"Spain","2020-04-19",3463,1,1,1,1,0,0
"Spain","2020-04-20",2183,1,1,1,1,0,0
"Spain","2020-04-21",1445,1,1,1,1,0,0
"Spain","2020-04-22",2519,1,1,1,1,0,0
"Spain","2020-04-23",2732,1,1,1,1,0,0
"Spain","2020-04-24",2770,1,1,1,1,0,0
"Spain","2020-04-25",2222,1,1,1,1,0,0
"Spain","2020-04-26",2288,1,1,1,1,0,0
"Spain","2020-04-27",1296,1,1,1,1,0,0
"Spain","2020-04-28",819,1,1,1,1,0,0
"Spain","2020-04-29",1654,1,1,1,1,0,0
"Spain","2020-04-30",1741,1,1,1,1,0,0
"Spain","2020-05-01",1483,1,1,1,1,0,0
"Spain","2020-05-02",1440,1,1,1,1,0,0
"Spain","2020-05-03",794,1,1,1,1,0,0
"Spain","2020-05-04",568,1,1,1,1,0,0
"Spain","2020-05-05",451,1,1,1,1,0,0
"Spain","2020-05-06",1014,1,1,1,1,0,0
"Spain","2020-05-07",982,1,1,1,1,0,0
"Spain","2020-05-08",984,1,1,1,1,0,0
"Spain","2020-05-09",961,1,1,1,1,0,0
"Spain","2020-05-10",924,1,1,1,1,0,0
"Spain","2020-05-11",492,1,1,1,1,0,0
"Spain","2020-05-12",318,1,1,1,1,0,0
"Spain","2020-05-13",572,1,1,1,1,0,0
"Spain","2020-05-14",690,1,1,1,1,0,0
"Spain","2020-05-15",776,1,1,1,1,0,0
"Spain","2020-05-16",787,1,1,1,1,0,0
"Spain","2020-05-17",804,1,1,1,1,0,0
"Spain","2020-05-18",346,1,1,1,1,0,0
"Spain","2020-05-19",240,1,1,1,1,0,0
"Spain","2020-05-20",607,1,1,1,1,0,0
"Spain","2020-05-21",825,1,1,1,1,0,0
"Spain","2020-05-22",736,0,1,1,1,0,0
"Spain","2020-05-23",785,0,1,1,1,0,0
"Spain","2020-05-24",791,0,1,1,1,0,0
"Spain","2020-05-25",308,0,1,1,1,0,0
"Spain","2020-05-26",261,0,1,1,1,0,0
"Spain","2020-05-27",536,0,1,0,1,0,0
"Spain","2020-05-28",732,0,1,0,1,0,0
"Spain","2020-05-29",606,0,1,0,1,0,0
"Spain","2020-05-30",648,0,1,0,1,0,0
"Spain","2020-05-31",704,0,1,0,1,0,0
"Spain","2020-06-01",333,0,1,0,1,0,0
"Spain","2020-06-02",176,0,1,0,1,0,0
"Spain","2020-06-03",339,0,1,0,1,0,0
"Spain","2020-06-04",464,0,1,0,1,0,0
"Spain","2020-06-05",579,0,1,0,1,0,0
"Spain","2020-06-06",487,0,1,0,1,0,0
"Spain","2020-06-07",639,0,1,0,1,0,0
"Spain","2020-06-08",257,0,1,0,1,0,0
"Spain","2020-06-09",142,0,1,0,1,0,0
"Spain","2020-06-10",333,0,1,0,1,0,0
"Spain","2020-06-11",432,0,1,0,1,0,0
"Spain","2020-06-12",440,0,1,0,1,0,0
"Spain","2020-06-13",374,0,1,0,1,0,0
"Spain","2020-06-14",483,0,1,0,1,0,0
"Spain","2020-06-15",123,0,1,0,1,0,0
"Spain","2020-06-16",85,0,1,0,1,0,0
"Spain","2020-06-17",287,0,1,0,1,0,0
"Spain","2020-06-18",382,0,1,0,1,0,0
"Spain","2020-06-19",342,0,1,0,1,0,0
"Spain","2020-06-20",359,0,1,0,1,0,0
"Spain","2020-06-21",341,0,0,0,1,0,0
"Spain","2020-06-22",228,0,0,0,1,0,0
"Spain","2020-06-23",166,0,0,0,1,0,0
"Spain","2020-06-24",242,0,0,0,1,0,0
"Spain","2020-06-25",432,0,0,0,1,0,0
"Spain","2020-06-26",337,0,0,0,1,0,0
"Spain","2020-06-27",360,0,0,0,1,0,0
"Spain","2020-06-28",478,0,0,0,1,0,0
"Spain","2020-06-29",254,0,0,0,1,0,0
"Spain","2020-06-30",189,0,0,0,1,0,0
"Spain","2020-07-01",276,0,0,0,1,0,0
"Spain","2020-07-02",447,0,0,0,1,0,0
"Spain","2020-07-03",453,0,0,0,1,0,0
"Spain","2020-07-04",488,0,1,0,1,0,0
"Spain","2020-07-05",595,0,1,0,1,0,0
"Spain","2020-07-06",296,0,1,0,1,0,0
"Spain","2020-07-07",206,0,1,0,1,0,0
"Spain","2020-07-08",345,0,1,0,1,0,0
"Spain","2020-07-09",714,0,1,0,1,0,0
"Spain","2020-07-10",743,0,1,0,1,0,0
"Spain","2020-07-11",846,0,1,0,1,0,0
"Spain","2020-07-12",1145,0,1,0,1,0,0
"Spain","2020-07-13",628,0,1,0,1,0,0
"Spain","2020-07-14",386,0,1,0,1,0,0
"Spain","2020-07-15",844,0,1,1,1,0,0
"Spain","2020-07-16",1253,0,1,1,1,0,0
"Spain","2020-07-17",1558,0,1,1,1,0,0
"Spain","2020-07-18",1639,0,1,1,1,0,0
"Spain","2020-07-19",2087,0,1,1,1,0,0
"Spain","2020-07-20",1526,0,1,1,1,0,0
"Spain","2020-07-21",1198,0,1,1,1,0,0
"Spain","2020-07-22",1581,0,1,1,1,0,0
"Spain","2020-07-23",2351,0,1,1,1,0,0
"Spain","2020-07-24",2368,0,1,1,1,0,0
"Spain","2020-07-25",2372,0,1,1,1,0,0
"Spain","2020-07-26",2825,0,1,1,1,0,0
"Spain","2020-07-27",1715,0,1,1,1,0,0
"Spain","2020-07-28",1466,0,1,1,1,0,0
"Spain","2020-07-29",2014,0,1,1,1,0,0
"Spain","2020-07-30",2894,0,1,1,1,0,0
"Spain","2020-07-31",3123,0,1,1,1,0,0
"Spain","2020-08-01",3391,0,1,1,1,0,0
"Spain","2020-08-02",3777,0,1,1,1,0,0
"Spain","2020-08-03",3194,0,1,1,1,0,0
"Spain","2020-08-04",1902,0,1,1,1,0,0
"Spain","2020-08-05",2667,0,1,1,1,0,0
"Spain","2020-08-06",4430,0,1,1,1,0,0
"Spain","2020-08-07",4290,0,1,1,1,0,0
"Spain","2020-08-08",4899,0,1,1,1,0,0
"Spain","2020-08-09",5654,0,1,1,1,0,0
"Spain","2020-08-10",3539,0,1,0,1,0,0
"Spain","2020-08-11",2654,0,1,0,1,0,0
"Spain","2020-08-12",3846,0,1,0,1,0,0
"Spain","2020-08-13",5991,0,1,0,1,0,0
"Spain","2020-08-14",6400,0,1,0,1,0,0
"Spain","2020-08-15",7048,0,1,0,1,0,0
"Spain","2020-08-16",8378,0,1,0,1,0,0
"Spain","2020-08-17",4855,0,1,0,1,0,0
"Spain","2020-08-18",3332,0,1,0,1,0,0
"Spain","2020-08-19",5015,0,1,0,1,0,0
"Spain","2020-08-20",8475,0,1,0,1,0,0
"Spain","2020-08-21",8652,0,1,0,1,0,0
"Spain","2020-08-22",8993,0,1,0,1,0,0
"Spain","2020-08-23",10475,0,1,0,1,0,0
"Spain","2020-08-24",6126,0,1,0,1,0,0
"Spain","2020-08-25",4320,0,1,0,1,0,0
"Spain","2020-08-26",6001,0,1,0,1,0,0
"Spain","2020-08-27",10327,0,1,0,1,0,0
"Spain","2020-08-28",10306,0,1,0,1,0,0
"Spain","2020-08-29",10329,0,1,0,1,0,0
"Spain","2020-08-30",11964,0,1,0,1,0,0
"Spain","2020-08-31",6894,0,1,0,1,0,0
"Spain","2020-09-01",5201,0,1,0,1,0,0
"Spain","2020-09-02",6660,0,1,0,1,0,0
"Spain","2020-09-03",10433,0,1,0,1,0,0
"Spain","2020-09-04",10720,0,1,0,1,0,0
"Spain","2020-09-05",10960,0,1,0,1,0,0
"Spain","2020-09-06",13169,0,1,0,1,0,0
"Spain","2020-09-07",7910,0,1,0,1,0,0
"Spain","2020-09-08",5514,0,1,0,1,0,0
"Spain","2020-09-09",7023,0,1,0,1,0,0
"Spain","2020-09-10",11949,0,1,0,1,0,0
"Spain","2020-09-11",12780,0,1,0,1,0,0
"Spain","2020-09-12",12990,0,1,0,1,0,0
"Spain","2020-09-13",14424,0,1,0,1,0,0
"Spain","2020-09-14",8330,0,1,0,1,0,0
"Spain","2020-09-15",6447,0,1,0,1,0,0
"Spain","2020-09-16",8177,0,1,0,1,0,0
"Spain","2020-09-17",13832,0,1,0,1,0,0
"Spain","2020-09-18",14045,0,1,0,1,0,0
"Spain","2020-09-19",13811,0,1,0,1,0,0
"Spain","2020-09-20",16784,0,1,0,1,0,0
"Spain","2020-09-21",8380,0,1,0,1,0,0
"Spain","2020-09-22",5874,0,1,0,1,0,0
"Spain","2020-09-23",8022,0,1,0,1,0,0
"Spain","2020-09-24",12861,0,1,0,1,0,0
"Spain","2020-09-25",12763,0,1,0,1,0,0
"Spain","2020-09-26",12693,0,1,0,1,0,0
"Spain","2020-09-27",13587,0,1,0,1,0,0
"Spain","2020-09-28",7757,0,1,0,1,0,0
"Spain","2020-09-29",5086,0,1,0,1,0,0
"Spain","2020-09-30",7095,0,1,0,1,0,0
"Spain","2020-10-01",11360,0,1,0,1,0,0
"Spain","2020-10-02",11249,0,1,0,1,0,0
"Spain","2020-10-03",11018,0,1,0,1,0,0
"Spain","2020-10-04",12369,0,1,0,1,0,0
"Spain","2020-10-05",6903,0,1,0,1,0,0
"Spain","2020-10-06",5137,0,1,0,1,0,0
"Spain","2020-10-07",8868,0,1,0,1,0,0
"Spain","2020-10-08",12275,0,1,0,1,0,0
"Spain","2020-10-09",12420,0,1,0,1,0,0
"Spain","2020-10-10",13880,0,1,0,1,0,0
"Spain","2020-10-11",14836,0,1,0,1,0,0
"Spain","2020-10-12",8759,0,1,0,1,0,0
"Spain","2020-10-13",6809,0,1,0,1,0,0
"Spain","2020-10-14",6318,0,1,0,1,0,0
"Spain","2020-10-15",12398,0,1,0,1,0,0
"Spain","2020-10-16",16396,0,1,0,1,0,0
"Spain","2020-10-17",17558,0,1,0,1,0,0
"Spain","2020-10-18",18317,0,1,0,1,0,0
"Spain","2020-10-19",12003,0,1,0,1,0,0
"Spain","2020-10-20",8309,0,1,0,1,0,0
"Spain","2020-10-21",15716,0,1,0,1,0,0
"Spain","2020-10-22",20897,0,1,0,1,0,0
"Spain","2020-10-23",23308,0,1,0,1,0,0
"Spain","2020-10-24",23902,0,1,0,1,0,0
"Spain","2020-10-25",25076,0,1,1,1,0,0
"Spain","2020-10-26",15547,0,1,1,1,0,0
"Spain","2020-10-27",11306,0,1,1,1,0,0
"Spain","2020-10-28",19998,0,1,1,1,0,0
"Spain","2020-10-29",24397,0,1,1,1,0,0
"Spain","2020-10-30",24615,0,1,1,1,0,0
"Spain","2020-10-31",24314,0,1,1,1,0,0
"Spain","2020-11-01",25069,0,1,1,1,0,0
"Spain","2020-11-02",16193,0,1,1,1,0,0
"Spain","2020-11-03",10991,0,1,1,1,0,0
"Spain","2020-11-04",15486,0,1,1,1,0,0
"Spain","2020-11-05",21976,0,1,1,1,0,0
"Spain","2020-11-06",24086,0,1,1,1,0,0
"Spain","2020-11-07",23597,0,1,1,1,0,0
"Spain","2020-11-08",23474,0,1,1,1,0,0
"Spain","2020-11-09",14622,0,1,1,1,0,0
"Spain","2020-11-10",9855,0,1,1,1,0,0
"Spain","2020-11-11",16474,0,1,1,1,0,0
"Spain","2020-11-12",20560,0,1,1,1,0,0
"Spain","2020-11-13",19971,0,1,1,1,0,0
"Spain","2020-11-14",19144,0,1,1,1,0,0
"Spain","2020-11-15",18426,0,1,1,1,0,0
"Spain","2020-11-16",10588,0,1,1,1,0,0
"Spain","2020-11-17",6683,0,1,1,1,0,0
"Spain","2020-11-18",12717,0,1,1,1,0,0
"Spain","2020-11-19",15827,0,1,1,1,0,0
"Spain","2020-11-20",14714,0,1,1,1,0,0
"Spain","2020-11-21",13163,0,1,1,1,0,0
"Spain","2020-11-22",12565,0,1,1,1,0,0
"Spain","2020-11-23",7213,0,1,1,1,0,0
"Spain","2020-11-24",4616,0,1,1,1,0,0
"Spain","2020-11-25",9076,0,1,1,1,0,0
"Spain","2020-11-26",10889,0,1,1,1,0,0
"Spain","2020-11-27",9952,0,1,1,1,0,0
"Spain","2020-11-28",9623,0,1,1,1,0,0
"Spain","2020-11-29",9899,0,1,1,1,0,0
"Spain","2020-11-30",5518,0,1,1,1,0,0
"Spain","2020-12-01",3401,0,1,1,1,0,0
"Spain","2020-12-02",7373,0,1,1,1,0,0
"Spain","2020-12-03",9467,0,1,1,1,0,0
"Spain","2020-12-04",8804,0,1,1,1,0,0
"Spain","2020-12-05",8104,0,1,1,1,0,0
"Spain","2020-12-06",8360,0,1,1,1,0,0
"Spain","2020-12-07",4952,0,1,1,1,0,0
"Spain","2020-12-08",3243,0,1,1,1,0,0
"Spain","2020-12-09",5187,0,1,1,1,0,0
"Spain","2020-12-10",4016,0,1,1,1,0,0
"Spain","2020-12-11",8340,0,1,1,1,0,0
"Spain","2020-12-12",10695,0,1,1,1,0,0
"Spain","2020-12-13",11262,0,1,1,1,0,0
"Spain","2020-12-14",6577,0,1,1,1,0,0
"Spain","2020-12-15",4232,0,1,1,1,0,0
"Spain","2020-12-16",9814,0,1,1,1,0,0
"Spain","2020-12-17",12119,0,1,1,1,0,0
"Spain","2020-12-18",11690,0,1,1,1,0,0
"Spain","2020-12-19",10898,0,1,1,1,0,0
"Spain","2020-12-20",12197,0,1,1,1,0,0
"Spain","2020-12-21",6905,0,1,1,1,0,0
"Spain","2020-12-22",4364,0,1,1,1,0,0
"Spain","2020-12-23",10935,0,1,1,1,0,0
"Spain","2020-12-24",13327,0,1,1,1,0,0
"Spain","2020-12-25",14399,0,1,1,1,0,0
"Spain","2020-12-26",9914,0,1,1,1,0,0
"Spain","2020-12-27",4835,0,1,1,1,0,1
"Spain","2020-12-28",6336,0,1,1,1,0,1
"Spain","2020-12-29",5963,0,1,1,1,0,1
"Spain","2020-12-30",15031,0,1,1,1,0,1
"Spain","2020-12-31",18786,0,1,1,1,0,1
"Spain","2021-01-01",21029,0,1,1,1,0,1
"Spain","2021-01-02",15521,0,1,1,1,0,1
"Spain","2021-01-03",7577,0,1,1,1,0,1
"Spain","2021-01-04",10253,0,1,1,1,0,1
"Spain","2021-01-05",9736,0,1,1,1,0,1
"Spain","2021-01-06",21805,0,1,1,1,0,1
"Spain","2021-01-07",30423,0,1,1,1,0,1
"Spain","2021-01-08",14469,0,1,1,1,0,1
"Spain","2021-01-09",26539,0,1,1,1,0,1
"Spain","2021-01-10",32604,0,1,1,1,0,1
"Spain","2021-01-11",19182,0,1,1,1,0,1
"Spain","2021-01-12",13791,0,1,1,1,0,1
"Spain","2021-01-13",32137,0,1,1,1,0,1
"Spain","2021-01-14",37214,0,1,1,1,0,1
"Spain","2021-01-15",38623,0,1,1,1,0,1
"Spain","2021-01-16",38149,0,1,1,1,0,1
"Spain","2021-01-17",42751,0,1,1,1,0,1
"Spain","2021-01-18",24836,0,1,1,1,0,1
"Spain","2021-01-19",18530,0,1,1,1,0,1
"Spain","2021-01-20",35484,0,1,1,1,0,1
"Spain","2021-01-21",42111,0,1,1,1,0,1
"Spain","2021-01-22",41616,0,1,1,1,0,1
"Spain","2021-01-23",40534,0,1,1,1,0,1
"Spain","2021-01-24",41962,0,1,1,1,0,1
"Spain","2021-01-25",23721,0,1,1,1,0,1
"Spain","2021-01-26",17213,0,1,1,1,0,1
"Spain","2021-01-27",32470,0,1,1,1,0,1
"Spain","2021-01-28",37297,0,1,1,1,0,1
"Spain","2021-01-29",35547,0,1,1,1,0,1
"Spain","2021-01-30",33075,0,1,1,1,0,1
"Spain","2021-01-31",32123,0,1,1,1,0,1
"Spain","2021-02-01",18111,0,1,1,1,0,1
"Spain","2021-02-02",11559,0,1,1,1,0,1
"Spain","2021-02-03",22318,0,1,1,1,0,1
"Spain","2021-02-04",25869,0,1,1,1,0,1
"Spain","2021-02-05",23646,0,1,1,1,0,1
"Spain","2021-02-06",20926,0,1,1,1,0,1
"Spain","2021-02-07",20013,0,1,1,1,0,1
"Spain","2021-02-08",10333,0,1,1,1,0,1
"Spain","2021-02-09",6008,0,1,1,1,0,1
"Spain","2021-02-10",13664,0,1,1,1,0,1
"Spain","2021-02-11",15236,0,1,1,1,0,1
"Spain","2021-02-12",13235,0,1,1,1,0,1
"Spain","2021-02-13",11676,0,1,1,1,0,1
"Spain","2021-02-14",11477,0,1,1,1,0,1
"Spain","2021-02-15",5638,0,1,1,1,0,1
"Spain","2021-02-16",3460,0,1,1,1,0,1
"Spain","2021-02-17",8630,0,1,1,1,0,1
"Spain","2021-02-18",9689,0,1,1,1,0,1
"Spain","2021-02-19",8433,0,1,1,1,0,1
"Spain","2021-02-20",8009,0,1,1,1,0,1
"Spain","2021-02-21",7803,0,1,1,1,0,1
"Spain","2021-02-22",3917,0,1,1,1,0,1
"Spain","2021-02-23",2582,0,1,1,1,0,1
"Spain","2021-02-24",6667,0,1,1,1,0,1
"Spain","2021-02-25",7189,0,1,1,1,0,1
"Spain","2021-02-26",6355,0,1,1,1,0,1
"Spain","2021-02-27",6011,0,1,1,1,0,1
"Spain","2021-02-28",6315,0,1,1,1,0,1
"Spain","2021-03-01",3134,0,1,1,1,0,1
"Spain","2021-03-02",2155,0,1,1,1,0,1
"Spain","2021-03-03",5163,0,1,1,1,0,1
"Spain","2021-03-04",5734,0,1,1,1,0,1
"Spain","2021-03-05",5817,0,1,1,1,0,1
"Spain","2021-03-06",5469,0,1,1,1,0,1
"Spain","2021-03-07",5583,0,1,1,1,0,1
"Spain","2021-03-08",2768,0,1,1,1,0,1
"Spain","2021-03-09",1979,0,1,1,1,0,1
"Spain","2021-03-10",4965,0,1,1,1,0,1
"Spain","2021-03-11",5549,0,1,1,1,0,1
"Spain","2021-03-12",5392,0,1,1,1,0,1
"Spain","2021-03-13",5239,0,1,1,1,0,1
"Spain","2021-03-14",5685,0,1,1,1,0,1
"Spain","2021-03-15",2761,0,1,1,1,0,1
"Spain","2021-03-16",1921,0,1,1,1,0,1
"Spain","2021-03-17",5423,0,1,1,1,0,1
"Spain","2021-03-18",5983,0,1,1,1,0,1
"Spain","2021-03-19",5704,0,1,1,1,0,1
"Spain","2021-03-20",6275,0,1,1,1,0,1
"Spain","2021-03-21",4573,0,1,1,1,0,1
"Spain","2021-03-22",2836,0,1,1,1,0,1
"Spain","2021-03-23",2229,0,1,1,1,0,1
"Spain","2021-03-24",5986,0,1,1,1,0,1
"Spain","2021-03-25",7215,0,1,1,1,0,1
"Spain","2021-03-26",6721,0,1,1,1,0,1
"Spain","2021-03-27",7163,0,1,1,1,0,1
"Spain","2021-03-28",7460,0,1,1,1,0,1
"Spain","2021-03-29",4028,0,1,1,1,0,1
"Spain","2021-03-30",2858,0,1,1,1,0,1
"Spain","2021-03-31",7207,0,1,1,1,0,1
"Spain","2021-04-01",8057,0,1,1,1,0,1
"Spain","2021-04-02",8844,0,1,1,1,0,1
"Spain","2021-04-03",5525,0,1,1,1,0,1
"Spain","2021-04-04",3708,0,1,1,1,0,1
"Spain","2021-04-05",4447,0,1,1,1,0,1
"Spain","2021-04-06",4138,0,1,1,1,0,1
"Spain","2021-04-07",7552,0,1,1,1,0,1
"Spain","2021-04-08",10679,0,1,1,1,0,1
"Spain","2021-04-09",10427,0,1,1,1,0,1
"Spain","2021-04-10",10198,0,1,1,1,0,1
"Spain","2021-04-11",10364,0,1,1,1,0,1
"Spain","2021-04-12",5572,0,1,1,1,0,1
"Spain","2021-04-13",3852,0,1,1,1,0,1
"Spain","2021-04-14",8820,0,1,1,1,0,1
"Spain","2021-04-15",10019,0,1,1,1,0,1
"Spain","2021-04-16",10316,0,1,1,1,0,1
"Spain","2021-04-17",9554,0,1,1,1,0,1
"Spain","2021-04-18",9805,0,1,1,1,0,1
"Spain","2021-04-19",5232,0,1,1,1,0,1
"Spain","2021-04-20",3854,0,1,1,1,0,1
"Spain","2021-04-21",8543,0,1,1,1,0,1
"Spain","2021-04-22",10613,0,1,1,1,0,1
"Spain","2021-04-23",9567,0,1,1,1,0,1
"Spain","2021-04-24",9713,0,1,1,1,0,1
"Spain","2021-04-25",9785,0,1,1,1,0,1
"Spain","2021-04-26",4896,0,1,1,1,0,1
"Spain","2021-04-27",3780,0,1,1,1,0,1
"Spain","2021-04-28",8811,0,1,1,1,0,1
"Spain","2021-04-29",9615,0,1,1,1,0,1
"Spain","2021-04-30",9172,0,1,1,1,0,1
"Spain","2021-05-01",8278,0,1,1,1,0,1
"Spain","2021-05-02",8873,0,1,1,1,0,1
"Spain","2021-05-03",3820,0,1,1,1,0,1
"Spain","2021-05-04",2957,0,1,1,1,0,1
"Spain","2021-05-05",5920,0,1,1,1,0,1
"Spain","2021-05-06",7297,0,1,1,1,0,1
"Spain","2021-05-07",7789,0,1,1,1,0,1
"Spain","2021-05-08",6521,0,1,1,1,0,1
"Spain","2021-05-09",6707,0,1,1,1,0,1
"Spain","2021-05-10",2557,0,1,1,1,0,1
"Spain","2021-05-11",1349,0,1,1,1,0,1
